IngredientID,IngredientName,Category,VegNonVeg,Calories_100g,Protein_g,Carbs_g,Fat_g,Rasa,Virya,Guna,DoshaEffect
ING001,Basmati Rice,Grain,Veg,130,2.7,28.0,0.3,"Sweet",Cooling,"Heavy, Soft","V- P- K+"
ING002,Whole Wheat Flour (Atta),Flour,Veg,340,13.2,72.0,2.5,"Sweet",Heating,"Heavy, Oily","V- P+ K+"
ING003,Moong Dal (Split Yellow),Legume,Veg,347,24.0,63.0,1.2,"Sweet, Astringent",Cooling,"Light, Dry","V- P- K-"
ING004,Toor Dal (Arhar),Legume,Veg,343,22.0,63.0,1.5,"Sweet, Astringent",Heating,"Light, Dry","V+ P- K-"
ING005,Ghee (Clarified Butter),Dairy/Fat,Veg,900,0.0,0.0,99.5,"Sweet",Cooling,"Oily, Heavy","V- P- K0"
ING006,Turmeric (Haldi),Spice,Veg,354,8.0,65.0,10.0,"Pungent, Bitter, Astringent",Heating,"Light, Dry","V- P- K-"
ING007,Cumin Seeds (Jeera),Spice,Veg,375,18.0,44.0,22.0,"Pungent",Heating,"Light, Dry","V- P0 K-"
ING008,Coriander Powder (Dhania),Spice,Veg,298,12.0,55.0,18.0,"Pungent, Bitter",Cooling,"Light, Oily","V- P- K-"
ING009,Onion,Vegetable,Veg,40,1.1,9.3,0.1,"Pungent, Sweet",Heating,"Heavy, Oily","V- P+ K0"
ING010,Tomato,Vegetable,Veg,18,0.9,3.9,0.2,"Sour, Sweet",Heating,"Light, Oily","V- P+ K+"
ING011,Potato,Vegetable,Veg,77,2.0,17.0,0.1,"Sweet, Astringent",Cooling,"Heavy, Dry","V+ P0 K-"
ING012,Ginger (Adrak),Spice,Veg,80,1.8,18.0,0.8,"Pungent, Sweet",Heating,"Light, Oily","V- P0 K-"
ING013,Garlic (Lehsun),Spice,Veg,149,6.4,33.0,0.5,"Pungent, Sweet",Heating,"Heavy, Oily","V- P+ K+"
ING014,Spinach (Palak),Vegetable,Veg,23,2.9,3.6,0.4,"Astringent, Sweet",Cooling,"Light, Moist","V+ P- K0"
ING015,Chicken Breast,Poultry,Non-Veg,165,31.0,0.0,3.6,"Sweet",Heating,"Heavy, Dry","V- P0 K+"
ING016,Paneer (Indian Cottage Cheese),Dairy,Veg,265,18.0,1.2,21.0,"Sweet",Cooling,"Heavy, Oily","V0 P- K+"
ING017,Yogurt (Dahi),Dairy,Veg,61,3.5,4.7,3.3,"Sour, Sweet",Heating,"Heavy, Oily","V- P+ K+"
ING018,Milk (Cow),Dairy,Veg,42,3.4,5.0,1.0,"Sweet",Cooling,"Heavy, Oily","V- P- K+"
ING019,Sugar (White),Sweetener,Veg,387,0.0,100.0,0.0,"Sweet",Cooling,"Heavy, Oily","V- P- K+"
ING020,Jaggery (Gur),Sweetener,Veg,383,0.4,98.0,0.1,"Sweet",Heating,"Heavy, Moist","V- P+ K0"
ING021,Mustard Oil,Oil/Fat,Veg,884,0.0,0.0,100.0,"Pungent",Heating,"Sharp, Oily","V- P+ K-"
ING022,Coconut Oil,Oil/Fat,Veg,862,0.0,0.0,100.0,"Sweet",Cooling,"Heavy, Oily","V- P- K+"
ING023,Besan (Gram Flour),Flour,Veg,387,22.0,58.0,7.0,"Sweet, Astringent",Cooling,"Light, Dry","V+ P- K-"
ING024,Chickpeas (White),Legume,Veg,364,19.0,61.0,6.0,"Sweet, Astringent",Cooling,"Light, Dry","V+ P- K-"
ING025,Kidney Beans (Rajma),Legume,Veg,333,24.0,60.0,0.8,"Sweet",Cooling,"Heavy, Dry","V+ P0 K+"
ING026,Masoor Dal (Red Lentil),Legume,Veg,353,26.0,60.0,1.0,"Sweet, Astringent",Heating,"Light, Dry","V0 P+ K0"
ING027,Urad Dal (Split Black Gram),Legume,Veg,341,25.0,59.0,1.6,"Sweet",Heating,"Heavy, Oily","V- P+ K+"
ING028,Cauliflower,Vegetable,Veg,25,1.9,5.0,0.3,"Astringent, Sweet",Cooling,"Light, Dry","V+ P- K-"
ING029,Cabbage,Vegetable,Veg,25,1.3,6.0,0.1,"Astringent, Sweet",Cooling,"Light, Dry","V+ P- K-"
ING030,Carrot,Vegetable,Veg,41,0.9,10.0,0.2,"Sweet, Bitter",Heating,"Light, Dry","V- P- K-"
ING031,Cucumber,Vegetable,Veg,15,0.7,3.6,0.1,"Sweet",Cooling,"Heavy, Moist","V+ P- K+"
ING032,Lemon,Fruit,Veg,29,1.1,9.0,0.3,"Sour",Heating,"Light, Dry","V- P+ K0"
ING033,Cilantro (Coriander Leaves),Herb,Veg,23,2.1,3.7,0.5,"Pungent, Bitter",Cooling,"Light, Dry","V- P- K-"
ING034,Mint (Pudina),Herb,Veg,44,3.8,8.4,0.7,"Pungent",Heating,"Light, Dry","V- P0 K-"
ING035,Green Chili,Spice,Veg,40,1.9,8.8,0.4,"Pungent",Heating,"Sharp, Light","V+ P+ K-"
ING036,Red Chili Powder,Spice,Veg,282,13.0,50.0,14.0,"Pungent",Heating,"Sharp, Light","V+ P+ K-"
ING037,Black Pepper,Spice,Veg,251,10.0,64.0,3.3,"Pungent",Heating,"Light, Dry","V0 P+ K-"
ING038,Cardamom (Green),Spice,Veg,311,11.0,68.0,7.0,"Pungent, Sweet",Cooling,"Light, Dry","V- P- K-"
ING039,Clove (Laung),Spice,Veg,274,6.0,66.0,13.0,"Pungent, Astringent",Heating,"Light, Oily","V0 P+ K-"
ING040,Cinnamon (Dalchini),Spice,Veg,247,4.0,81.0,1.2,"Pungent, Sweet, Astringent",Heating,"Light, Dry","V- P+ K-"
ING041,Mustard Seeds (Black),Spice,Veg,508,26.0,28.0,36.0,"Pungent",Heating,"Sharp, Oily","V0 P+ K-"
ING042,Fenugreek Seeds (Methi),Spice,Veg,323,23.0,58.0,6.0,"Bitter, Pungent",Heating,"Light, Oily","V- P0 K-"
ING043,Asafoetida (Hing),Spice,Veg,296,4.0,73.0,1.0,"Pungent",Heating,"Light, Sharp","V- P+ K-"
ING044,Almonds,Nuts,Veg,579,21.0,22.0,49.0,"Sweet",Heating,"Heavy, Oily","V- P0 K+"
ING045,Cashews,Nuts,Veg,553,18.0,30.0,44.0,"Sweet",Heating,"Heavy, Oily","V- P0 K+"
ING046,Peanuts,Nuts,Veg,567,26.0,16.0,49.0,"Sweet, Astringent",Heating,"Heavy, Oily","V0 P+ K+"
ING047,Coconut (Fresh),Fruit,Veg,354,3.3,15.0,33.0,"Sweet",Cooling,"Heavy, Oily","V- P- K+"
ING048,Sesame Seeds (White),Seed,Veg,573,18.0,23.0,50.0,"Sweet, Pungent, Bitter, Astringent",Heating,"Heavy, Oily","V- P+ K0"
ING049,Poppy Seeds (Khus Khus),Seed,Veg,525,18.0,28.0,42.0,"Sweet, Astringent",Cooling,"Heavy, Oily","V- P- K+"
ING050,Rock Salt (Sendha Namak),Salt,Veg,0,0.0,0.0,0.0,"Salty",Cooling,"Light, Dry","V- P- K-"
ING051,Okra (Bhindi),Vegetable,Veg,33,1.9,7.5,0.2,"Sweet, Astringent",Cooling,"Heavy, Moist","V+ P- K+"
ING052,Brinjal (Eggplant),Vegetable,Veg,25,1.0,6.0,0.2,"Pungent, Astringent",Heating,"Light, Dry","V+ P0 K-"
ING053,Bottle Gourd (Lauki),Vegetable,Veg,14,0.6,3.4,0.02,"Sweet",Cooling,"Light, Moist","V- P- K-"
ING054,Bitter Gourd (Karela),Vegetable,Veg,17,1.0,3.7,0.2,"Bitter, Pungent",Cooling,"Light, Dry","V+ P- K-"
ING055,Pumpkin (Kaddu),Vegetable,Veg,26,1.0,6.5,0.1,"Sweet",Cooling,"Heavy, Moist","V- P- K-"
ING056,Beetroot,Vegetable,Veg,43,1.6,10.0,0.2,"Sweet",Heating,"Heavy, Moist","V- P+ K0"
ING057,Radish (Mooli),Vegetable,Veg,16,0.7,3.4,0.1,"Pungent",Heating,"Light, Dry","V0 P0 K-"
ING058,Fenugreek Leaves (Methi),Herb,Veg,49,4.4,6.0,0.9,"Bitter",Heating,"Light, Dry","V- P0 K-"
ING059,Mustard Greens (Sarson),Herb,Veg,27,2.9,4.7,0.4,"Pungent, Bitter",Heating,"Light, Sharp","V- P+ K-"
ING060,Mango (Raw),Fruit,Veg,60,0.5,17.0,0.3,"Sour, Astringent",Heating,"Light, Dry","V0 P+ K+"
ING061,Mango (Ripe),Fruit,Veg,60,0.8,15.0,0.4,"Sweet",Cooling,"Heavy, Moist","V- P- K+"
ING062,Banana,Fruit,Veg,89,1.1,23.0,0.3,"Sweet",Cooling,"Heavy, Moist","V- P- K+"
ING063,Apple,Fruit,Veg,52,0.3,14.0,0.2,"Sweet, Astringent",Cooling,"Light, Moist","V+ P- K0"
ING064,Pomegranate,Fruit,Veg,83,1.7,19.0,1.2,"Astringent, Sweet, Sour",Cooling,"Light, Moist","V- P- K0"
ING065,Guava,Fruit,Veg,68,2.6,14.0,1.0,"Astringent, Sweet",Cooling,"Light, Dry","V+ P- K-"
ING066,Orange,Fruit,Veg,47,0.9,12.0,0.1,"Sweet, Sour",Heating,"Light, Moist","V- P+ K0"
ING067,Pineapple,Fruit,Veg,50,0.5,13.0,0.1,"Sweet, Sour",Heating,"Heavy, Oily","V- P+ K0"
ING068,Watermelon,Fruit,Veg,30,0.6,8.0,0.2,"Sweet",Cooling,"Heavy, Moist","V+ P- K+"
ING069,Papaya,Fruit,Veg,43,0.5,11.0,0.3,"Sweet, Pungent",Heating,"Light, Dry","V- P- K-"
ING070,Saffron (Kesar),Spice,Veg,310,11.0,65.0,6.0,"Pungent, Bitter, Sweet",Heating,"Oily, Light","V- P- K-"
ING071,Fennel Seeds (Saunf),Spice,Veg,345,16.0,52.0,15.0,"Sweet, Pungent, Bitter",Cooling,"Light, Dry","V- P- K-"
ING072,Bay Leaf (Tej Patta),Spice,Veg,313,7.6,75.0,8.4,"Pungent, Sweet",Heating,"Light, Dry","V- P+ K-"
ING073,Tamarind (Imli),Fruit,Veg,239,2.8,62.5,0.6,"Sour, Sweet",Heating,"Heavy, Dry","V- P+ K+"
ING074,Mace (Javitri),Spice,Veg,475,6.7,50.5,32.4,"Pungent, Astringent",Heating,"Light, Oily","V- P0 K-"
ING075,Nutmeg (Jaiphal),Spice,Veg,525,6.0,49.0,36.0,"Pungent, Astringent",Heating,"Light, Oily","V- P+ K-"
ING076,Ragi (Finger Millet),Grain,Veg,336,7.7,72.6,1.5,"Sweet, Astringent",Heating,"Light, Dry","V+ P0 K-"
ING077,Jowar (Sorghum),Grain,Veg,329,10.6,72.1,3.1,"Sweet, Astringent",Cooling,"Light, Dry","V+ P- K-"
ING078,Bajra (Pearl Millet),Grain,Veg,361,11.6,67.5,5.0,"Sweet, Astringent",Heating,"Light, Dry","V+ P+ K-"
ING079,Semolina (Suji),Grain,Veg,360,12.7,73.0,1.1,"Sweet",Heating,"Heavy, Oily","V- P0 K+"
ING080,Sago (Sabudana),Grain,Veg,358,0.2,88.7,0.0,"Sweet",Cooling,"Heavy, Moist","V- P- K+"
ING081,Brown Rice,Grain,Veg,111,2.6,23.0,0.9,"Sweet",Heating,"Heavy, Dry","V- P+ K0"
ING082,Black Chickpeas (Kala Chana),Legume,Veg,378,20.5,63.0,6.2,"Sweet, Astringent",Cooling,"Light, Dry","V+ P- K0"
ING083,Soyabean,Legume,Veg,446,36.0,30.0,20.0,"Sweet, Astringent",Heating,"Heavy, Oily","V- P+ K+"
ING084,Moth Beans (Matki),Legume,Veg,343,23.0,62.0,1.6,"Sweet, Astringent",Heating,"Light, Dry","V+ P0 K-"
ING085,Green Peas,Vegetable,Veg,81,5.4,14.5,0.4,"Sweet, Astringent",Cooling,"Light, Dry","V+ P- K0"
ING086,Drumstick (Moringa),Vegetable,Veg,37,2.5,8.5,0.1,"Pungent, Bitter",Heating,"Light, Dry","V- P0 K-"
ING087,Sweet Potato,Vegetable,Veg,86,1.6,20.1,0.1,"Sweet",Heating,"Heavy, Moist","V- P0 K+"
ING088,Corn,Grain,Veg,86,3.2,19.0,1.2,"Sweet",Heating,"Heavy, Dry","V+ P+ K0"
ING089,Mushroom,Vegetable,Veg,22,3.1,3.3,0.3,"Sweet",Cooling,"Heavy, Moist","V+ P- K+"
ING090,Bell Pepper (Shimla Mirch),Vegetable,Veg,20,1.0,4.6,0.2,"Sweet, Pungent",Heating,"Light, Dry","V+ P0 K-"
ING091,Pistachio,Nuts,Veg,562,20.0,28.0,45.0,"Sweet",Heating,"Heavy, Oily","V- P+ K+"
ING092,Walnut,Nuts,Veg,654,15.0,14.0,65.0,"Sweet",Heating,"Heavy, Oily","V- P+ K+"
ING093,Dates,Fruit,Veg,282,2.5,75.0,0.4,"Sweet",Cooling,"Heavy, Oily","V- P- K+"
ING094,Raisins,Fruit,Veg,299,3.1,79.0,0.5,"Sweet",Cooling,"Heavy, Oily","V- P- K+"
ING095,Figs,Fruit,Veg,74,0.8,19.0,0.3,"Sweet",Cooling,"Heavy, Oily","V- P- K+"
ING096,Water Chestnuts (Singhara),Vegetable,Veg,97,1.4,23.9,0.1,"Sweet, Astringent",Cooling,"Heavy, Moist","V+ P- K+"
ING097,Curry Leaves,Herb,Veg,108,6.1,18.7,1.0,"Bitter, Pungent",Cooling,"Light, Dry","V- P- K-"
ING098,Honey,Sweetener,Veg,304,0.3,82.0,0.0,"Sweet, Astringent",Heating,"Light, Dry","V- P+ K-"
ING099,Vinegar,Condiment,Veg,18,0.0,0.9,0.0,"Sour",Heating,"Light, Sharp","V- P+ K0"
ING100,Lamb/Mutton,Meat,Non-Veg,294,25.0,0.0,21.0,"Sweet",Heating,"Heavy, Oily","V- P+ K+"
ING101,Fish (Generic),Fish,Non-Veg,206,22.0,0.0,12.0,"Sweet",Heating,"Heavy, Oily","V- P+ K+"
ING102,Prawns,Seafood,Non-Veg,99,24.0,0.2,0.3,"Sweet, Salty",Heating,"Light, Oily","V- P+ K+"
ING103,Eggs,Poultry,Non-Veg,155,13.0,1.1,11.0,"Sweet",Heating,"Heavy, Oily","V- P+ K+"
ING104,Rice Flour,Flour,Veg,366,6.0,80.0,1.4,"Sweet",Cooling,"Heavy, Dry","V- P- K+"
ING105,Maida (Refined Flour),Flour,Veg,364,10.0,76.0,1.0,"Sweet",Heating,"Heavy, Dry","V+ P+ K+"
ING106,Barley (Jau),Grain,Veg,354,12.5,73.5,2.3,"Sweet, Astringent",Cooling,"Light, Dry","V+ P- K-"
ING107,Oats,Grain,Veg,389,16.9,66.3,6.9,"Sweet",Heating,"Heavy, Moist","V- P0 K+"
ING108,Quinoa,Grain,Veg,368,14.1,64.2,6.1,"Sweet, Bitter",Heating,"Light, Dry","V- P- K-"
ING109,Buckwheat (Kuttu),Grain,Veg,343,13.3,71.5,3.4,"Sweet, Astringent",Heating,"Light, Dry","V- P0 K-"
ING110,Amaranth (Rajgira),Grain,Veg,371,13.6,65.3,7.0,"Sweet, Astringent",Cooling,"Light, Dry","V+ P- K-"
ING111,Corn Flour,Flour,Veg,381,6.9,86.0,3.9,"Sweet",Heating,"Heavy, Dry","V+ P+ K0"
ING112,Split Chickpeas (Chana Dal),Legume,Veg,372,20.8,60.9,5.6,"Sweet, Astringent",Cooling,"Light, Dry","V+ P- K-"
ING113,Green Gram (Whole Moong),Legume,Veg,347,24.0,63.0,1.2,"Sweet, Astringent",Cooling,"Light, Dry","V- P- K-"
ING114,Black Eyed Peas (Lobia),Legume,Veg,336,23.5,60.0,1.3,"Sweet, Astringent",Cooling,"Light, Dry","V+ P- K0"
ING115,Horse Gram (Kulthi),Legume,Veg,321,22.0,57.0,0.5,"Astringent",Heating,"Light, Dry","V+ P0 K-"
ING116,Dew Beans (Matki),Legume,Veg,343,23.0,62.0,1.6,"Sweet, Astringent",Heating,"Light, Dry","V+ P0 K-"
ING117,Pigeon Peas (Whole Toor),Legume,Veg,343,22.0,63.0,1.5,"Sweet, Astringent",Heating,"Light, Dry","V+ P- K-"
ING118,Black Gram (Whole Urad),Legume,Veg,341,25.0,59.0,1.6,"Sweet",Heating,"Heavy, Oily","V- P+ K+"
ING119,Ridge Gourd (Turai),Vegetable,Veg,17,0.5,3.4,0.1,"Sweet",Cooling,"Light, Moist","V- P- K-"
ING120,Pointed Gourd (Parwal),Vegetable,Veg,20,2.0,2.2,0.3,"Sweet, Bitter",Heating,"Light, Dry","V- P0 K-"
ING121,Ash Gourd (Petha),Vegetable,Veg,13,0.4,3.0,0.2,"Sweet",Cooling,"Heavy, Moist","V- P- K-"
ING122,Snake Gourd (Chichinda),Vegetable,Veg,18,0.5,3.0,0.3,"Bitter, Sweet",Cooling,"Light, Dry","V+ P- K-"
ING123,Ivy Gourd (Tindora),Vegetable,Veg,18,1.2,3.1,0.1,"Sweet",Cooling,"Light, Dry","V+ P- K-"
ING124,Taro Root (Arbi),Vegetable,Veg,112,1.5,26.5,0.2,"Sweet",Heating,"Heavy, Moist","V- P0 K+"
ING125,Yam (Suran),Vegetable,Veg,118,1.5,27.9,0.2,"Pungent, Astringent",Heating,"Light, Dry","V0 P0 K-"
ING126,Green Beans,Vegetable,Veg,31,1.8,7.0,0.1,"Sweet, Astringent",Cooling,"Light, Dry","V+ P- K0"
ING127,Cluster Beans (Gawar),Vegetable,Veg,15,3.0,10.0,0.0,"Astringent, Bitter",Heating,"Light, Dry","V+ P0 K-"
ING128,Broad Beans (Sem),Vegetable,Veg,48,4.5,8.0,0.1,"Sweet, Astringent",Cooling,"Heavy, Dry","V+ P- K+"
ING129,Broccoli,Vegetable,Veg,34,2.8,7.0,0.4,"Astringent",Cooling,"Light, Dry","V+ P- K-"
ING130,Zucchini,Vegetable,Veg,17,1.2,3.1,0.3,"Sweet",Cooling,"Heavy, Moist","V- P- K+"
ING131,Lettuce,Vegetable,Veg,15,1.4,2.9,0.2,"Bitter, Sweet",Cooling,"Light, Moist","V+ P- K-"
ING132,Kale,Vegetable,Veg,49,4.3,9.0,0.9,"Bitter, Astringent",Heating,"Light, Dry","V+ P- K-"
ING133,Amaranth Leaves (Chaulai),Herb,Veg,23,2.5,4.0,0.3,"Astringent",Cooling,"Light, Dry","V+ P- K-"
ING134,Dill Leaves (Suva),Herb,Veg,43,3.5,7.0,1.1,"Pungent, Bitter",Heating,"Light, Dry","V- P0 K-"
ING135,Colocasia Leaves (Patra),Herb,Veg,60,3.9,6.7,1.5,"Pungent, Astringent",Heating,"Light, Dry","V- P0 K-"
ING136,Betel Leaves (Paan),Herb,Veg,44,3.1,6.1,0.8,"Pungent, Bitter, Astringent",Heating,"Light, Dry","V- P+ K-"
ING137,Lime,Fruit,Veg,30,0.7,11.0,0.2,"Sour",Heating,"Light, Dry","V- P+ K0"
ING138,Grapes,Fruit,Veg,69,0.7,18.0,0.2,"Sweet, Sour",Cooling,"Heavy, Moist","V- P- K+"
ING139,Chickoo (Sapodilla),Fruit,Veg,83,0.4,20.0,1.1,"Sweet",Cooling,"Heavy, Moist","V- P- K+"
ING140,Custard Apple (Sitaphal),Fruit,Veg,94,2.1,23.6,0.2,"Sweet",Cooling,"Heavy, Moist","V- P- K+"
ING141,Jackfruit,Fruit,Veg,95,1.7,23.5,0.6,"Sweet, Astringent",Cooling,"Heavy, Moist","V- P- K+"
ING142,Lychee,Fruit,Veg,66,0.8,17.0,0.4,"Sweet",Cooling,"Heavy, Moist","V- P- K+"
ING143,Plum,Fruit,Veg,46,0.7,11.0,0.3,"Sweet, Sour",Heating,"Light, Moist","V- P0 K0"
ING144,Peach,Fruit,Veg,39,0.9,10.0,0.3,"Sweet, Sour",Heating,"Light, Moist","V- P0 K0"
ING145,Pear,Fruit,Veg,57,0.4,15.0,0.1,"Sweet, Astringent",Cooling,"Heavy, Dry","V+ P- K0"
ING146,Cherry,Fruit,Veg,50,1.0,12.0,0.3,"Sweet, Sour",Heating,"Light, Moist","V- P0 K0"
ING147,Indian Gooseberry (Amla),Fruit,Veg,44,0.9,10.0,0.6,"Sour, Astringent, Pungent, Bitter, Sweet",Cooling,"Light, Dry","V- P- K-"
ING148,Star Fruit (Kamrakh),Fruit,Veg,31,1.0,6.7,0.3,"Sour, Sweet",Cooling,"Light, Dry","V+ P- K0"
ING149,Wood Apple (Bael),Fruit,Veg,137,2.0,32.0,0.3,"Astringent, Sweet",Cooling,"Heavy, Dry","V0 P- K-"
ING150,Indian Jujube (Ber),Fruit,Veg,79,1.2,20.0,0.2,"Sweet, Sour",Cooling,"Heavy, Moist","V- P- K+"
ING151,Carom Seeds (Ajwain),Spice,Veg,394,16.0,43.0,25.0,"Pungent, Bitter",Heating,"Light, Dry","V- P+ K-"
ING152,Black Cumin (Kala Jeera),Spice,Veg,375,18.0,44.0,22.0,"Pungent",Heating,"Light, Dry","V- P0 K-"
ING153,Nigella Seeds (Kalonji),Spice,Veg,534,18.0,44.0,33.0,"Pungent, Bitter",Heating,"Light, Dry","V- P+ K-"
ING154,Dry Ginger Powder (Sonth),Spice,Veg,335,9.0,72.0,4.0,"Pungent",Heating,"Light, Dry","V- P0 K-"
ING155,Mango Powder (Amchur),Spice,Veg,362,4.0,88.0,1.0,"Sour",Heating,"Light, Dry","V0 P+ K0"
ING156,Pomegranate Seed Powder (Anardana),Spice,Veg,307,11.0,60.0,2.0,"Sour, Astringent",Heating,"Light, Dry","V- P+ K0"
ING157,Black Salt (Kala Namak),Salt,Veg,0,0.0,0.0,0.0,"Salty, Pungent",Heating,"Light, Dry","V- P+ K-"
ING158,Flax Seeds (Alsi),Seed,Veg,534,18.0,29.0,42.0,"Sweet",Heating,"Heavy, Oily","V- P0 K+"
ING159,Sunflower Seeds,Seed,Veg,584,21.0,20.0,51.0,"Sweet",Heating,"Heavy, Oily","V- P+ K+"
ING160,Pumpkin Seeds,Seed,Veg,559,30.0,11.0,49.0,"Sweet",Heating,"Heavy, Oily","V- P0 K+"
ING161,Chia Seeds,Seed,Veg,486,17.0,42.0,31.0,"Sweet",Cooling,"Heavy, Moist","V- P- K+"
ING162,Gond (Edible Gum),Resin,Veg,368,0.5,90.0,0.1,"Sweet",Heating,"Heavy, Moist","V- P0 K+"
ING163,Makhana (Fox Nuts),Seed,Veg,347,9.7,77.0,0.1,"Sweet, Astringent",Cooling,"Light, Dry","V- P- K-"
ING164,Arrowroot Powder,Flour,Veg,357,0.3,88.0,0.1,"Sweet",Cooling,"Light, Dry","V- P- K-"
ING165,Kewra Water,Flavoring,Veg,0,0.0,0.0,0.0,"Sweet, Pungent",Cooling,"Light, Moist","V- P- K0"
ING166,Rose Water,Flavoring,Veg,0,0.0,0.0,0.0,"Sweet, Bitter, Astringent",Cooling,"Light, Moist","V- P- K-"
ING167,Soya Chunks,Legume,Veg,345,52.0,33.0,0.5,"Sweet, Astringent",Heating,"Light, Dry","V- P+ K+"
ING168,Tofu,Legume,Veg,76,8.0,1.9,4.8,"Sweet",Cooling,"Heavy, Moist","V- P- K+"
ING169,Groundnut Oil,Oil/Fat,Veg,884,0.0,0.0,100.0,"Sweet",Heating,"Heavy, Oily","V- P+ K0"
ING170,Sesame Oil,Oil/Fat,Veg,884,0.0,0.0,100.0,"Sweet, Pungent, Bitter, Astringent",Heating,"Heavy, Oily","V- P+ K0"
ING171,Sunflower Oil,Oil/Fat,Veg,884,0.0,0.0,100.0,"Sweet",Heating,"Light, Oily","V- P+ K0"
ING172,Butter,Dairy/Fat,Veg,717,0.9,0.1,81.0,"Sweet",Cooling,"Heavy, Oily","V- P- K+"
ING173,Cream,Dairy,Veg,200,2.0,3.0,20.0,"Sweet",Cooling,"Heavy, Oily","V- P- K+"
ING174,Condensed Milk,Dairy,Veg,321,7.9,54.0,8.7,"Sweet",Cooling,"Heavy, Oily","V- P- K+"
ING175,Khoya (Mawa),Dairy,Veg,415,19.0,27.0,26.0,"Sweet",Cooling,"Heavy, Oily","V- P- K+"
ING176,Buttermilk (Chaas),Dairy,Veg,40,1.9,4.8,1.1,"Sour, Astringent",Cooling,"Light, Dry","V- P- K-"
ING177,Lassi (Sweet),Dairy,Veg,77,3.0,11.0,2.5,"Sweet, Sour",Cooling,"Heavy, Oily","V- P- K+"
ING178,Cottage Cheese (Chenna),Dairy,Veg,98,11.0,6.0,4.0,"Sweet",Cooling,"Heavy, Moist","V- P- K+"
ING179,Rice Poha (Flattened Rice),Grain,Veg,346,6.6,77.3,1.2,"Sweet",Cooling,"Light, Dry","V+ P- K0"
ING180,Murmura (Puffed Rice),Grain,Veg,402,6.0,90.0,0.5,"Sweet",Heating,"Light, Dry","V+ P0 K0"
ING181,Wheat Semolina (Daliya),Grain,Veg,344,12.0,74.0,1.5,"Sweet",Heating,"Heavy, Moist","V- P0 K+"
ING182,Sorghum Flour (Jowar Atta),Flour,Veg,348,11.0,75.0,2.0,"Sweet, Astringent",Cooling,"Light, Dry","V+ P- K-"
ING183,Pearl Millet Flour (Bajra Atta),Flour,Veg,360,12.0,68.0,5.0,"Sweet, Astringent",Heating,"Light, Dry","V+ P+ K-"
ING184,Finger Millet Flour (Ragi Atta),Flour,Veg,328,7.3,72.0,1.3,"Sweet, Astringent",Heating,"Light, Dry","V+ P0 K-"
ING185,Cornmeal (Makki Atta),Flour,Veg,362,9.4,74.0,4.7,"Sweet",Heating,"Heavy, Dry","V+ P+ K0"
ING186,Water,Liquid,Veg,0,0.0,0.0,0.0,"Neutral",Cooling,"Heavy, Moist","V- P- K-"
ING187,Tea Leaves,Beverage,Veg,1,0.1,0.0,0.0,"Bitter, Astringent",Heating,"Light, Dry","V+ P+ K-"
ING188,Coffee Powder,Beverage,Veg,3,0.1,0.0,0.1,"Bitter, Pungent",Heating,"Light, Dry","V+ P+ K-"
ING189,Cocoa Powder,Beverage,Veg,228,19.6,57.9,13.7,"Bitter",Heating,"Light, Dry","V0 P+ K0"
ING190,Green Cardamom,Spice,Veg,311,11.0,68.0,7.0,"Pungent, Sweet",Cooling,"Light, Dry","V- P- K-"
ING191,Black Cardamom,Spice,Veg,300,10.0,65.0,5.0,"Pungent, Sweet",Heating,"Light, Dry","V- P0 K-"
ING192,Star Anise,Spice,Veg,337,16.0,50.0,16.0,"Pungent, Sweet",Heating,"Light, Dry","V- P0 K-"
ING193,Long Pepper (Pippali),Spice,Veg,310,11.0,70.0,3.0,"Pungent",Heating,"Light, Oily","V- P+ K-"
ING194,Sichuan Pepper (Teppal),Spice,Veg,255,10.0,65.0,4.0,"Pungent",Heating,"Light, Dry","V0 P+ K-"
ING195,Kashmiri Red Chili,Spice,Veg,290,12.0,57.0,17.0,"Pungent",Heating,"Light, Dry","V+ P+ K-"
ING196,Bird's Eye Chili,Spice,Veg,45,2.0,9.0,0.5,"Pungent",Heating,"Light, Sharp","V+ P+ K-"
ING197,White Pepper,Spice,Veg,296,10.0,69.0,2.1,"Pungent",Heating,"Light, Dry","V0 P+ K-"
ING198,Dry Fenugreek Leaves (Kasoori Methi),Herb,Veg,325,23.0,58.0,6.0,"Bitter",Heating,"Light, Dry","V- P0 K-"
ING199,Licorice (Mulethi),Herb,Veg,375,0.0,94.0,0.0,"Sweet",Cooling,"Heavy, Moist","V- P- K-"
ING200,Triphala,Herb,Veg,280,3.0,70.0,0.5,"Sour, Pungent, Bitter, Astringent, Sweet",Neutral,"Light, Dry","V- P- K-"
ING201,Ashwagandha,Herb,Veg,245,4.9,49.9,0.3,"Bitter, Astringent",Heating,"Light, Oily","V- P0 K-"
ING202,Brahmi,Herb,Veg,20,1.5,3.0,0.2,"Bitter, Astringent",Cooling,"Light, Dry","V- P- K-"
ING203,Tulsi (Holy Basil),Herb,Veg,23,3.2,2.7,0.6,"Pungent, Bitter",Heating,"Light, Dry","V- P0 K-"
ING204,Aloe Vera,Herb,Veg,15,0.5,3.0,0.1,"Bitter",Cooling,"Heavy, Moist","V0 P- K-"
ING205,Neem Leaves,Herb,Veg,45,2.5,8.0,0.2,"Bitter",Cooling,"Light, Dry","V+ P- K-"
ING206,Celery,Vegetable,Veg,16,0.7,3.0,0.2,"Pungent, Bitter",Cooling,"Light, Dry","V+ P- K-"
ING207,Leek,Vegetable,Veg,61,1.5,14.0,0.3,"Pungent, Sweet",Heating,"Heavy, Moist","V- P+ K+"
ING208,Spring Onion,Vegetable,Veg,32,1.8,7.3,0.2,"Pungent, Sweet",Heating,"Light, Moist","V- P+ K0"
ING209,Red Cabbage,Vegetable,Veg,31,1.4,7.4,0.2,"Astringent, Sweet",Cooling,"Light, Dry","V+ P- K-"
ING210,Bok Choy,Vegetable,Veg,13,1.5,2.2,0.2,"Sweet, Pungent",Cooling,"Light, Moist","V+ P- K-"
ING211,Turnip,Vegetable,Veg,28,0.9,6.4,0.1,"Pungent, Sweet",Heating,"Light, Dry","V0 P0 K-"
ING212,Lotus Stem (Kamal Kakdi),Vegetable,Veg,74,2.6,17.0,0.1,"Sweet, Astringent",Cooling,"Heavy, Dry","V+ P- K+"
ING213,Bamboo Shoot,Vegetable,Veg,20,2.6,3.0,0.3,"Sweet, Astringent",Heating,"Light, Dry","V+ P0 K-"
ING214,Artichoke,Vegetable,Veg,47,3.3,11.0,0.2,"Bitter, Sweet",Cooling,"Heavy, Dry","V+ P- K-"
ING215,Asparagus,Vegetable,Veg,20,2.2,3.9,0.1,"Bitter, Sweet",Cooling,"Light, Dry","V+ P- K-"
ING216,Avocado,Fruit,Veg,160,2.0,9.0,15.0,"Sweet",Cooling,"Heavy, Oily","V- P- K+"
ING217,Olives,Fruit,Veg,115,0.8,6.0,11.0,"Salty, Sour, Pungent, Bitter",Heating,"Heavy, Oily","V- P+ K0"
ING218,Capers,Fruit,Veg,23,2.4,5.0,0.9,"Pungent, Salty",Heating,"Light, Dry","V- P+ K-"
ING219,Cranberry,Fruit,Veg,46,0.4,12.0,0.1,"Sour, Astringent",Heating,"Light, Dry","V- P+ K0"
ING220,Blueberry,Fruit,Veg,57,0.7,14.0,0.3,"Sweet, Sour",Cooling,"Light, Moist","V- P- K0"
ING221,Raspberry,Fruit,Veg,52,1.2,12.0,0.7,"Sweet, Sour",Cooling,"Light, Dry","V+ P- K0"
ING222,Strawberry,Fruit,Veg,32,0.7,8.0,0.3,"Sweet, Sour",Cooling,"Light, Moist","V- P- K0"
ING223,Kiwi,Fruit,Veg,61,1.1,15.0,0.5,"Sour, Sweet",Cooling,"Light, Moist","V+ P- K0"
ING224,Muskmelon,Fruit,Veg,34,0.8,8.0,0.2,"Sweet",Cooling,"Heavy, Moist","V+ P- K+"
ING225,Apricot,Fruit,Veg,48,1.4,11.0,0.4,"Sweet, Sour",Heating,"Heavy, Moist","V- P0 K0"
ING226,Coconut Milk,Dairy/Fat,Veg,230,2.3,6.0,24.0,"Sweet",Cooling,"Heavy, Oily","V- P- K+"
ING227,Coconut Sugar,Sweetener,Veg,386,0.0,100.0,0.0,"Sweet",Cooling,"Heavy, Dry","V- P- K0"
ING228,Stevia,Sweetener,Veg,0,0.0,0.0,0.0,"Sweet",Cooling,"Light, Dry","V- P- K-"
ING229,Maple Syrup,Sweetener,Veg,260,0.0,67.0,0.1,"Sweet",Heating,"Heavy, Moist","V- P0 K+"
ING230,Agave Nectar,Sweetener,Veg,310,0.1,76.0,0.5,"Sweet",Cooling,"Heavy, Moist","V- P- K+"
ING231,Cashew Milk,Dairy/Fat,Veg,25,0.5,1.0,2.0,"Sweet",Heating,"Heavy, Oily","V- P0 K+"
ING232,Almond Milk,Dairy/Fat,Veg,15,0.5,0.6,1.2,"Sweet",Heating,"Light, Moist","V- P0 K0"
ING233,Soy Milk,Dairy/Fat,Veg,54,3.3,6.0,1.8,"Sweet, Astringent",Cooling,"Heavy, Moist","V- P- K+"
ING234,Rice Milk,Dairy/Fat,Veg,47,0.3,9.0,1.0,"Sweet",Cooling,"Heavy, Moist","V- P- K+"
ING235,Oat Milk,Dairy/Fat,Veg,45,0.8,7.0,1.5,"Sweet",Heating,"Heavy, Moist","V- P0 K+"
ING236,Pork,Meat,Non-Veg,242,27.0,0.0,14.0,"Sweet",Heating,"Heavy, Oily","V- P+ K+"
ING237,Beef,Meat,Non-Veg,250,26.0,0.0,15.0,"Sweet",Heating,"Heavy, Oily","V- P+ K+"
ING238,Crab,Seafood,Non-Veg,83,18.0,0.0,1.0,"Sweet, Salty",Heating,"Heavy, Oily","V- P+ K+"
ING239,Lobster,Seafood,Non-Veg,77,16.0,0.0,1.0,"Sweet, Salty",Heating,"Heavy, Oily","V- P+ K+"
ING240,Clams,Seafood,Non-Veg,74,12.0,3.0,1.0,"Sweet, Salty",Cooling,"Heavy, Moist","V- P- K+"
ING241,Oysters,Seafood,Non-Veg,68,7.0,4.0,2.5,"Sweet, Salty",Cooling,"Heavy, Moist","V- P- K+"
ING242,Scallops,Seafood,Non-Veg,69,12.0,3.0,1.0,"Sweet, Salty",Cooling,"Heavy, Moist","V- P- K+"
ING243,Mussels,Seafood,Non-Veg,86,12.0,4.0,2.2,"Sweet, Salty",Heating,"Heavy, Moist","V- P+ K+"
ING244,Salmon,Fish,Non-Veg,208,20.0,0.0,13.0,"Sweet",Heating,"Heavy, Oily","V- P+ K+"
ING245,Tuna,Fish,Non-Veg,132,28.0,0.0,1.0,"Sweet",Heating,"Light, Dry","V+ P+ K-"
ING246,Sardines,Fish,Non-Veg,208,25.0,0.0,11.0,"Sweet, Salty",Heating,"Heavy, Oily","V- P+ K+"
ING247,Cod,Fish,Non-Veg,82,18.0,0.0,1.0,"Sweet",Cooling,"Light, Moist","V- P- K-"
ING248,Mackerel,Fish,Non-Veg,262,18.0,0.0,20.0,"Sweet",Heating,"Heavy, Oily","V- P+ K+"
ING249,Duck,Poultry,Non-Veg,337,19.0,0.0,28.0,"Sweet",Heating,"Heavy, Oily","V- P+ K+"
ING250,Turkey,Poultry,Non-Veg,189,29.0,0.0,7.0,"Sweet",Heating,"Light, Dry","V- P0 K0"
ING251,Kodo Millet,Grain,Veg,353,9.9,65.9,3.6,"Sweet, Astringent",Heating,"Light, Dry","V+ P- K-"
ING252,Foxtail Millet,Grain,Veg,351,12.3,60.9,4.3,"Sweet",Heating,"Light, Dry","V+ P0 K-"
ING253,Little Millet,Grain,Veg,341,9.8,67.0,5.2,"Sweet",Heating,"Light, Dry","V+ P- K-"
ING254,Barnyard Millet,Grain,Veg,300,6.2,65.5,2.2,"Sweet",Cooling,"Light, Dry","V+ P- K-"
ING255,Proso Millet,Grain,Veg,358,12.5,68.0,3.1,"Sweet, Astringent",Heating,"Light, Dry","V+ P0 K-"
ING256,Moong Dal (Split Green),Legume,Veg,344,24.0,60.0,1.3,"Sweet, Astringent",Cooling,"Light, Dry","V- P- K-"
ING257,Urad Dal (Split White),Legume,Veg,341,25.0,59.0,1.6,"Sweet",Heating,"Heavy, Oily","V- P+ K+"
ING258,French Beans,Vegetable,Veg,31,1.8,7.0,0.1,"Sweet, Astringent",Cooling,"Light, Dry","V+ P- K0"
ING259,Kohlrabi (Ganth Gobhi),Vegetable,Veg,27,1.7,6.2,0.1,"Pungent, Sweet",Cooling,"Light, Dry","V+ P- K-"
ING260,Green Papaya,Vegetable,Veg,32,0.6,7.2,0.1,"Sweet, Pungent",Heating,"Light, Dry","V- P- K-"
ING261,Red Amaranth Leaves (Lal Chaulai),Herb,Veg,28,3.0,5.0,0.3,"Astringent",Cooling,"Light, Dry","V+ P- K-"
ING262,Chayote Squash (Chow Chow),Vegetable,Veg,19,0.8,4.5,0.1,"Sweet",Cooling,"Light, Moist","V- P- K-"
ING263,White Pumpkin,Vegetable,Veg,13,0.4,3.0,0.2,"Sweet",Cooling,"Heavy, Moist","V- P- K-"
ING264,Fava Beans (Bakla),Legume,Veg,110,8.0,20.0,0.4,"Sweet, Astringent",Cooling,"Heavy, Dry","V+ P- K+"
ING265,Goat Meat,Meat,Non-Veg,143,27.0,0.0,3.0,"Sweet",Heating,"Light, Dry","V- P0 K0"
ING266,Quail Meat,Poultry,Non-Veg,134,22.0,0.0,4.5,"Sweet",Heating,"Light, Dry","V- P0 K0"
ING267,Rohu Fish,Fish,Non-Veg,97,17.0,0.0,3.0,"Sweet",Heating,"Heavy, Oily","V- P+ K+"
ING268,Catla Fish,Fish,Non-Veg,105,19.0,0.0,3.0,"Sweet",Heating,"Heavy, Oily","V- P+ K+"
ING269,Pomfret Fish,Fish,Non-Veg,103,17.0,0.0,4.0,"Sweet",Heating,"Heavy, Oily","V- P+ K+"
ING270,King Fish (Surmai),Fish,Non-Veg,134,20.0,0.0,6.0,"Sweet",Heating,"Heavy, Oily","V- P+ K+"
ING271,Bombay Duck (Bombil),Fish,Non-Veg,78,15.0,0.0,2.0,"Salty, Sweet",Heating,"Light, Oily","V- P+ K+"
ING272,Jamun (Indian Blackberry),Fruit,Veg,60,0.7,15.6,0.2,"Astringent, Sweet, Sour",Cooling,"Light, Dry","V+ P- K-"
ING273,Phalsa (Indian Sherbet Berry),Fruit,Veg,72,1.3,14.7,0.9,"Sour, Sweet",Cooling,"Light, Moist","V- P- K0"
ING274,Mulberry (Shahtoot),Fruit,Veg,43,1.4,9.8,0.4,"Sweet, Sour",Cooling,"Light, Moist","V- P- K0"
ING275,Tamarillo (Tree Tomato),Fruit,Veg,31,2.0,3.8,0.3,"Sour, Sweet",Heating,"Light, Dry","V- P+ K0"
ING276,Caraway Seeds (Shahi Jeera),Spice,Veg,333,20.0,50.0,15.0,"Pungent",Heating,"Light, Dry","V- P0 K-"
ING277,Stone Flower (Dagad Phool),Spice,Veg,290,5.0,70.0,2.0,"Astringent, Bitter",Cooling,"Light, Dry","V- P0 K-"
ING278,Indian Bay Leaf (Tamalpatra),Spice,Veg,313,7.6,75.0,8.4,"Pungent, Sweet",Heating,"Light, Dry","V- P+ K-"
ING279,Liquorice Root (Jethimadh),Herb,Veg,375,0.0,94.0,0.0,"Sweet",Cooling,"Heavy, Moist","V- P- K-"
ING280,Gotu Kola,Herb,Veg,37,1.6,7.0,0.2,"Bitter, Astringent",Cooling,"Light, Dry","V- P- K-"
ING281,Shatavari,Herb,Veg,270,6.0,50.0,1.0,"Sweet, Bitter",Cooling,"Heavy, Oily","V- P- K-"
ING282,Guduchi (Giloy),Herb,Veg,40,2.0,7.0,0.5,"Bitter, Astringent, Pungent",Heating,"Light, Dry","V- P- K-"
ING283,Manjistha,Herb,Veg,280,3.0,65.0,1.0,"Bitter, Sweet, Astringent",Heating,"Heavy, Dry","V- P- K-"
ING284,Arjuna Bark,Herb,Veg,260,2.0,60.0,0.5,"Astringent",Cooling,"Light, Dry","V- P- K-"
ING285,Guggul,Resin,Veg,300,1.0,75.0,0.5,"Pungent, Bitter, Astringent, Sweet",Heating,"Light, Dry","V+ P- K-"
ING286,Shilajit,Resin,Veg,15,0.5,3.0,0.1,"Pungent, Bitter, Salty, Astringent",Heating,"Heavy, Dry","V- P0 K-"
ING287,Rice Bran Oil,Oil/Fat,Veg,884,0.0,0.0,100.0,"Sweet",Heating,"Light, Oily","V- P+ K0"
ING288,Gingelly Oil (Sesame),Oil/Fat,Veg,884,0.0,0.0,100.0,"Sweet, Pungent, Bitter, Astringent",Heating,"Heavy, Oily","V- P+ K0"
ING289,Olive Oil,Oil/Fat,Veg,884,0.0,0.0,100.0,"Sweet",Cooling,"Heavy, Oily","V- P- K0"
ING290,Avocado Oil,Oil/Fat,Veg,884,0.0,0.0,100.0,"Sweet",Cooling,"Heavy, Oily","V- P- K0"
ING291,Palm Oil,Oil/Fat,Veg,884,0.0,0.0,100.0,"Sweet",Heating,"Heavy, Oily","V- P+ K+"
ING292,Safflower Oil,Oil/Fat,Veg,884,0.0,0.0,100.0,"Sweet",Heating,"Light, Oily","V- P+ K0"
ING293,Canola Oil,Oil/Fat,Veg,884,0.0,0.0,100.0,"Sweet",Heating,"Light, Oily","V- P+ K0"
ING294,Linseed Oil,Oil/Fat,Veg,884,0.0,0.0,100.0,"Sweet",Heating,"Heavy, Oily","V- P0 K+"
ING295,Buffalo Milk,Dairy,Veg,97,3.8,5.2,6.9,"Sweet",Cooling,"Heavy, Oily","V- P- K+"
ING296,Goat Milk,Dairy,Veg,69,3.6,4.5,4.1,"Sweet, Astringent",Cooling,"Light, Dry","V- P- K-"
ING297,Camel Milk,Dairy,Veg,50,3.0,4.4,2.5,"Salty, Sweet",Cooling,"Light, Dry","V- P- K-"
ING298,Buffalo Ghee,Dairy/Fat,Veg,900,0.0,0.0,99.5,"Sweet",Cooling,"Very Heavy, Oily","V- P- K+"
ING299,Table Salt,Salt,Veg,0,0.0,0.0,0.0,"Salty",Heating,"Heavy, Oily","V- P+ K+"
ING300,Sea Salt,Salt,Veg,0,0.0,0.0,0.0,"Salty",Heating,"Heavy, Oily","V- P+ K+"
ING301,Mustard Seeds (Yellow),Spice,Veg,508,26.0,28.0,36.0,"Pungent",Heating,"Sharp, Oily","V0 P+ K-"
ING302,Sesame Seeds (Black),Seed,Veg,573,18.0,23.0,50.0,"Sweet, Pungent, Bitter, Astringent",Heating,"Heavy, Oily","V- P+ K0"
ING303,Coconut (Dry),Fruit,Veg,660,7.0,24.0,65.0,"Sweet",Cooling,"Heavy, Oily","V- P- K+"
ING304,Coriander Seeds,Spice,Veg,298,12.4,55.0,17.8,"Pungent, Bitter, Sweet",Cooling,"Light, Oily","V- P- K-"
ING305,Fenugreek Leaves (Dry),Herb,Veg,325,23.0,58.0,6.0,"Bitter",Heating,"Light, Dry","V- P0 K-"
ING306,Banana (Raw),Vegetable,Veg,89,1.1,23.0,0.3,"Astringent, Sweet",Cooling,"Heavy, Dry","V+ P- K+"
ING307,Jackfruit (Raw),Vegetable,Veg,95,1.7,23.5,0.6,"Astringent",Cooling,"Heavy, Dry","V+ P0 K+"
ING308,Indian Squash (Tinda),Vegetable,Veg,21,1.4,3.6,0.2,"Sweet",Cooling,"Light, Moist","V- P- K-"
ING309,Spine Gourd (Kantola),Vegetable,Veg,20,3.0,3.0,0.1,"Bitter",Heating,"Light, Dry","V0 P0 K-"
ING310,Amaranth Flour (Rajgira Atta),Flour,Veg,371,14.0,65.0,7.0,"Sweet, Astringent",Cooling,"Light, Dry","V+ P- K-"
ING311,Water Chestnut Flour (Singhara Atta),Flour,Veg,350,6.0,85.0,1.0,"Sweet, Astringent",Cooling,"Heavy, Dry","V+ P- K+"
ING312,Buckwheat Flour (Kuttu Atta),Flour,Veg,335,12.0,70.0,3.0,"Sweet, Astringent",Heating,"Light, Dry","V- P0 K-"
ING313,Sorghum Puffs (Jowar Dhani),Grain,Veg,360,10.0,78.0,2.0,"Sweet",Cooling,"Light, Dry","V+ P- K-"
ING314,Barley Flour,Flour,Veg,345,11.0,75.0,2.0,"Sweet, Astringent",Cooling,"Light, Dry","V+ P- K-"
ING315,Wheat Bran,Grain,Veg,216,16.0,65.0,4.0,"Sweet",Heating,"Light, Dry","V+ P0 K-"
ING316,Ragi Puffs,Grain,Veg,360,8.0,80.0,1.5,"Sweet",Heating,"Light, Dry","V+ P0 K-"
ING317,Brown Sugar,Sweetener,Veg,380,0.1,98.0,0.0,"Sweet",Heating,"Heavy, Moist","V- P+ K0"
ING318,Palm Sugar,Sweetener,Veg,359,0.0,90.0,0.0,"Sweet",Cooling,"Heavy, Dry","V- P- K0"
ING319,Coconut Aminos,Condiment,Veg,50,0.0,12.5,0.0,"Salty, Sweet",Heating,"Light, Moist","V- P0 K0"
ING320,Tamari (Soy Sauce),Condiment,Veg,60,10.0,5.0,0.1,"Salty",Heating,"Heavy, Oily","V- P+ K+"
ING321,Miso Paste,Condiment,Veg,199,12.0,26.0,6.0,"Salty, Sweet",Heating,"Heavy, Oily","V- P+ K+"
ING322,Wasabi,Spice,Veg,109,5.0,24.0,0.6,"Pungent",Heating,"Light, Sharp","V+ P+ K-"
ING323,Horseradish,Spice,Veg,48,1.2,11.0,0.7,"Pungent",Heating,"Light, Sharp","V- P+ K-"
ING324,Kimchi,Condiment,Veg,15,1.1,2.4,0.5,"Sour, Pungent, Salty",Heating,"Light, Dry","V- P+ K+"
ING325,Sauerkraut,Condiment,Veg,19,0.9,4.3,0.1,"Sour, Salty",Heating,"Light, Dry","V- P+ K0"
ING326,Kombucha,Beverage,Veg,29,0.0,7.0,0.0,"Sour, Sweet",Heating,"Light, Dry","V- P+ K0"
ING327,Kefir,Dairy,Veg,64,3.5,5.0,3.5,"Sour, Sweet",Heating,"Heavy, Oily","V- P+ K+"
ING328,Ghee (A2 Cow),Dairy/Fat,Veg,900,0.0,0.0,99.5,"Sweet",Cooling,"Light, Oily","V- P- K-"
ING329,Cold Pressed Coconut Oil,Oil/Fat,Veg,862,0.0,0.0,100.0,"Sweet",Cooling,"Heavy, Oily","V- P- K+"
ING330,Cold Pressed Mustard Oil,Oil/Fat,Veg,884,0.0,0.0,100.0,"Pungent",Heating,"Sharp, Oily","V- P+ K-"
ING331,Cold Pressed Groundnut Oil,Oil/Fat,Veg,884,0.0,0.0,100.0,"Sweet",Heating,"Heavy, Oily","V- P+ K0"
ING332,Cold Pressed Sesame Oil,Oil/Fat,Veg,884,0.0,0.0,100.0,"Sweet, Pungent, Bitter, Astringent",Heating,"Heavy, Oily","V- P+ K0"
ING333,Wood Pressed Coconut Oil,Oil/Fat,Veg,862,0.0,0.0,100.0,"Sweet",Cooling,"Heavy, Oily","V- P- K+"
ING334,Wood Pressed Mustard Oil,Oil/Fat,Veg,884,0.0,0.0,100.0,"Pungent",Heating,"Sharp, Oily","V- P+ K-"
ING335,Wood Pressed Groundnut Oil,Oil/Fat,Veg,884,0.0,0.0,100.0,"Sweet",Heating,"Heavy, Oily","V- P+ K0"
ING336,Wood Pressed Sesame Oil,Oil/Fat,Veg,884,0.0,0.0,100.0,"Sweet, Pungent, Bitter, Astringent",Heating,"Heavy, Oily","V- P+ K0"
ING337,Goji Berry,Fruit,Veg,349,14.3,77.0,0.4,"Sweet",Neutral,"Light, Moist","V- P- K0"
ING338,Acai Berry,Fruit,Veg,70,1.0,4.0,6.0,"Sour, Sweet",Cooling,"Light, Oily","V- P- K0"
ING339,Dragon Fruit,Fruit,Veg,60,1.2,13.0,0.0,"Sweet",Cooling,"Light, Moist","V- P- K0"
ING340,Passion Fruit,Fruit,Veg,97,2.2,23.0,0.7,"Sour, Sweet",Heating,"Light, Moist","V- P+ K0"
ING341,Rambutan,Fruit,Veg,82,0.7,21.0,0.2,"Sweet, Sour",Cooling,"Heavy, Moist","V- P- K+"
ING342,Mangosteen,Fruit,Veg,73,0.4,18.0,0.6,"Sweet, Sour",Cooling,"Heavy, Moist","V- P- K-"
ING343,Durian,Fruit,Veg,147,1.5,27.0,5.0,"Sweet, Pungent",Heating,"Heavy, Oily","V- P+ K+"
ING344,Persimmon,Fruit,Veg,70,0.6,19.0,0.2,"Sweet, Astringent",Cooling,"Heavy, Moist","V+ P- K+"
ING345,Cantaloupe,Fruit,Veg,34,0.8,8.0,0.2,"Sweet",Cooling,"Heavy, Moist","V+ P- K+"
ING346,Honeydew Melon,Fruit,Veg,36,0.5,9.0,0.1,"Sweet",Cooling,"Heavy, Moist","V+ P- K+"
ING347,Elderberry,Fruit,Veg,73,0.7,18.0,0.5,"Sour, Sweet",Heating,"Light, Dry","V- P- K-"
ING348,Blackcurrant,Fruit,Veg,63,1.4,15.0,0.4,"Sour, Sweet",Heating,"Light, Moist","V- P+ K0"
ING349,Redcurrant,Fruit,Veg,56,1.4,14.0,0.2,"Sour, Sweet",Heating,"Light, Moist","V- P+ K0"
ING350,White Currant,Fruit,Veg,56,1.4,14.0,0.2,"Sour, Sweet",Cooling,"Light, Moist","V- P- K0"
ING351,Karela (White),Vegetable,Veg,17,1.0,3.7,0.2,"Bitter, Pungent",Cooling,"Light, Dry","V+ P- K-"
ING352,Round Gourd (Dilpasand),Vegetable,Veg,21,1.4,3.6,0.2,"Sweet",Cooling,"Light, Moist","V- P- K-"
ING353,Red Radish,Vegetable,Veg,16,0.7,3.4,0.1,"Pungent",Heating,"Light, Dry","V0 P+ K-"
ING354,White Radish (Daikon),Vegetable,Veg,18,0.6,4.1,0.1,"Pungent",Heating,"Light, Dry","V0 P0 K-"
ING355,Red Carrot,Vegetable,Veg,41,0.9,10.0,0.2,"Sweet, Bitter",Heating,"Light, Dry","V- P- K-"
ING356,Black Carrot,Vegetable,Veg,35,1.0,8.0,0.2,"Sweet, Astringent",Heating,"Light, Dry","V- P- K-"
ING357,Purple Cabbage,Vegetable,Veg,31,1.4,7.4,0.2,"Astringent, Sweet",Cooling,"Light, Dry","V+ P- K-"
ING358,Savoy Cabbage,Vegetable,Veg,27,2.0,6.1,0.1,"Astringent, Sweet",Cooling,"Light, Dry","V+ P- K-"
ING359,Napa Cabbage,Vegetable,Veg,16,1.2,3.2,0.2,"Sweet, Pungent",Cooling,"Light, Moist","V+ P- K-"
ING360,Red Onion,Vegetable,Veg,40,1.1,9.3,0.1,"Pungent, Sweet",Heating,"Heavy, Oily","V- P+ K0"
ING361,White Onion,Vegetable,Veg,42,1.2,9.8,0.1,"Pungent, Sweet",Heating,"Heavy, Oily","V- P+ K0"
ING362,Shallots,Vegetable,Veg,72,2.5,17.0,0.1,"Pungent, Sweet",Heating,"Heavy, Oily","V- P+ K0"
ING363,Scallions,Vegetable,Veg,32,1.8,7.3,0.2,"Pungent, Sweet",Heating,"Light, Moist","V- P+ K0"
ING364,Chives,Herb,Veg,30,3.3,4.4,0.7,"Pungent",Heating,"Light, Dry","V- P+ K-"
ING365,Parsley,Herb,Veg,36,3.0,6.3,0.8,"Pungent, Bitter",Heating,"Light, Dry","V- P0 K-"
ING366,Rosemary,Herb,Veg,131,3.3,21.0,5.9,"Pungent, Bitter",Heating,"Light, Dry","V- P+ K-"
ING367,Thyme,Herb,Veg,101,5.6,24.0,1.7,"Pungent",Heating,"Light, Dry","V- P0 K-"
ING368,Oregano,Herb,Veg,265,9.0,69.0,4.3,"Pungent, Bitter",Heating,"Light, Dry","V- P+ K-"
ING369,Basil,Herb,Veg,23,3.2,2.7,0.6,"Pungent, Sweet",Heating,"Light, Dry","V- P0 K-"
ING370,Sage,Herb,Veg,315,11.0,61.0,13.0,"Pungent, Astringent",Heating,"Light, Dry","V- P0 K-"
ING371,Marjoram,Herb,Veg,271,13.0,61.0,7.0,"Pungent, Sweet",Heating,"Light, Dry","V- P0 K-"
ING372,Tarragon,Herb,Veg,295,23.0,50.0,7.0,"Pungent, Bitter, Sweet",Heating,"Light, Dry","V- P+ K-"
ING373,Pink Salt (Himalayan),Salt,Veg,0,0.0,0.0,0.0,"Salty",Cooling,"Light, Dry","V- P- K-"
ING374,Kala Jeera (Black Caraway),Spice,Veg,333,20.0,50.0,15.0,"Pungent",Heating,"Light, Dry","V- P0 K-"
ING375,Green Peppercorns,Spice,Veg,251,10.0,64.0,3.3,"Pungent",Heating,"Light, Dry","V0 P+ K-"
ING376,Pink Peppercorns,Spice,Veg,255,10.0,65.0,4.0,"Pungent, Sweet",Heating,"Light, Dry","V0 P+ K-"
ING377,Cubeb Pepper,Spice,Veg,310,11.0,70.0,3.0,"Pungent, Bitter",Heating,"Light, Dry","V- P+ K-"
ING378,Grains of Paradise,Spice,Veg,270,10.0,60.0,5.0,"Pungent, Sweet",Heating,"Light, Dry","V- P0 K-"
ING379,Ajmud (Radhuni),Spice,Veg,394,16.0,43.0,25.0,"Pungent, Bitter",Heating,"Light, Dry","V- P+ K-"
ING380,Kalpasi (Black Stone Flower),Spice,Veg,290,5.0,70.0,2.0,"Astringent, Bitter",Cooling,"Light, Dry","V- P0 K-"
ING381,Maratti Mokku (Mugga),Spice,Veg,300,10.0,65.0,5.0,"Pungent, Sweet",Heating,"Light, Dry","V- P0 K-"
ING382,Anise Seeds,Spice,Veg,337,18.0,50.0,16.0,"Sweet, Pungent",Heating,"Light, Dry","V- P0 K-"
ING383,Dill Seeds,Spice,Veg,305,16.0,55.0,15.0,"Pungent",Heating,"Light, Dry","V- P0 K-"
ING384,Sumac,Spice,Veg,240,8.0,45.0,4.0,"Sour",Cooling,"Light, Dry","V- P- K0"
ING385,Za'atar,Spice,Veg,270,9.0,55.0,5.0,"Pungent, Sour, Salty",Heating,"Light, Dry","V- P+ K-"
ING386,Haritaki,Herb,Veg,280,3.0,70.0,0.5,"Astringent, Bitter, Pungent, Sour, Sweet",Heating,"Light, Dry","V- P- K-"
ING387,Bibhitaki,Herb,Veg,270,3.0,65.0,0.5,"Astringent",Heating,"Light, Dry","V- P0 K-"
ING388,Gokshura,Herb,Veg,260,5.0,60.0,1.0,"Sweet",Cooling,"Heavy, Oily","V- P- K-"
ING389,Punarnava,Herb,Veg,30,2.0,5.0,0.2,"Bitter, Astringent",Heating,"Light, Dry","V- P- K-"
ING390,Bhringraj,Herb,Veg,40,2.0,7.0,0.5,"Pungent, Bitter",Heating,"Light, Dry","V- P- K-"
ING391,Vidanga,Herb,Veg,300,10.0,60.0,5.0,"Pungent, Astringent",Heating,"Light, Dry","V- P0 K-"
ING392,Chitrak,Herb,Veg,290,5.0,65.0,2.0,"Pungent",Heating,"Light, Dry","V- P+ K-"
ING393,Kutki,Herb,Veg,280,3.0,65.0,1.0,"Bitter, Pungent",Cooling,"Light, Dry","V+ P- K-"
ING394,Vacha,Herb,Veg,270,5.0,60.0,2.0,"Pungent, Bitter",Heating,"Light, Dry","V- P0 K-"
ING395,Jatamansi,Herb,Veg,260,3.0,60.0,1.0,"Bitter, Astringent",Cooling,"Light, Oily","V- P- K-"
ING396,Tagara,Herb,Veg,250,3.0,55.0,1.0,"Pungent, Bitter, Astringent, Sweet",Heating,"Light, Oily","V- P0 K-"
ING397,Shankhpushpi,Herb,Veg,240,2.0,55.0,0.5,"Bitter, Astringent",Cooling,"Light, Oily","V- P- K-"
ING398,Sarpgandha,Herb,Veg,230,2.0,50.0,0.5,"Bitter",Heating,"Light, Dry","V- P0 K-"
ING399,Pashanbhed,Herb,Veg,220,2.0,50.0,0.5,"Astringent, Bitter",Cooling,"Light, Dry","V- P- K-"
ING400,Musta (Nagarmotha),Herb,Veg,210,2.0,45.0,0.5,"Pungent, Bitter, Astringent",Cooling,"Light, Dry","V- P- K-"
ING401,Hemp Seeds,Seed,Veg,553,31.6,8.7,48.8,"Sweet",Heating,"Heavy, Oily","V- P0 K+"
ING402,Garden Cress Seeds (Halim),Seed,Veg,454,25.0,33.0,24.0,"Pungent",Heating,"Light, Oily","V- P+ K-"
ING403,Niger Seeds (Karale),Seed,Veg,515,24.0,17.0,39.0,"Sweet",Heating,"Heavy, Oily","V- P+ K0"
ING404,Perilla Seeds (Bhangjeera),Seed,Veg,520,18.0,20.0,45.0,"Pungent",Heating,"Light, Oily","V- P+ K-"
ING405,Safflower Seeds,Seed,Veg,510,16.0,34.0,38.0,"Sweet",Heating,"Heavy, Oily","V- P+ K0"
ING406,Watermelon Seeds,Seed,Veg,557,28.0,15.0,47.0,"Sweet",Cooling,"Heavy, Oily","V- P- K+"
ING407,Muskmelon Seeds,Seed,Veg,500,32.0,12.0,40.0,"Sweet",Cooling,"Heavy, Oily","V- P- K+"
ING408,Lotus Seeds (Raw),Seed,Veg,89,4.1,17.0,0.5,"Sweet, Astringent",Cooling,"Heavy, Dry","V- P- K+"
ING409,Dried Lotus Seeds,Seed,Veg,332,15.0,64.0,2.0,"Sweet, Astringent",Cooling,"Heavy, Dry","V+ P- K+"
ING410,Kalonji Oil,Oil/Fat,Veg,884,0.0,0.0,100.0,"Pungent, Bitter",Heating,"Light, Dry","V- P+ K-"
ING411,Hemp Seed Oil,Oil/Fat,Veg,884,0.0,0.0,100.0,"Sweet",Heating,"Heavy, Oily","V- P0 K0"
ING412,Walnut Oil,Oil/Fat,Veg,884,0.0,0.0,100.0,"Sweet",Heating,"Heavy, Oily","V- P+ K+"
ING413,Almond Oil,Oil/Fat,Veg,884,0.0,0.0,100.0,"Sweet",Heating,"Heavy, Oily","V- P0 K0"
ING414,Apricot Oil,Oil/Fat,Veg,884,0.0,0.0,100.0,"Sweet",Heating,"Light, Oily","V- P0 K0"
ING415,Hazelnut Oil,Oil/Fat,Veg,884,0.0,0.0,100.0,"Sweet",Heating,"Heavy, Oily","V- P+ K+"
ING416,Macadamia Nut Oil,Oil/Fat,Veg,884,0.0,0.0,100.0,"Sweet",Heating,"Heavy, Oily","V- P- K0"
ING417,Pistachio Oil,Oil/Fat,Veg,884,0.0,0.0,100.0,"Sweet",Heating,"Heavy, Oily","V- P+ K+"
ING418,Pecan Oil,Oil/Fat,Veg,884,0.0,0.0,100.0,"Sweet",Heating,"Heavy, Oily","V- P+ K+"
ING419,Brazil Nut Oil,Oil/Fat,Veg,884,0.0,0.0,100.0,"Sweet",Heating,"Heavy, Oily","V- P+ K+"
ING420,Pine Nut Oil,Oil/Fat,Veg,884,0.0,0.0,100.0,"Sweet",Heating,"Heavy, Oily","V- P0 K0"
ING421,Chestnut,Nuts,Veg,131,1.6,28.0,1.4,"Sweet, Astringent",Heating,"Heavy, Dry","V+ P0 K+"
ING422,Pecan,Nuts,Veg,691,9.2,13.9,72.0,"Sweet",Heating,"Heavy, Oily","V- P+ K+"
ING423,Brazil Nut,Nuts,Veg,656,14.0,12.0,66.0,"Sweet",Heating,"Heavy, Oily","V- P+ K+"
ING424,Macadamia Nut,Nuts,Veg,718,7.9,13.8,75.8,"Sweet",Heating,"Heavy, Oily","V- P- K0"
ING425,Pine Nut,Nuts,Veg,673,13.7,13.1,68.4,"Sweet",Heating,"Heavy, Oily","V- P0 K0"
ING426,Hazelnut,Nuts,Veg,628,15.0,17.0,61.0,"Sweet",Heating,"Heavy, Oily","V- P+ K+"
ING427,Areca Nut (Supari),Nuts,Veg,330,5.0,70.0,4.0,"Astringent, Pungent",Heating,"Light, Dry","V+ P0 K-"
ING428,Tigernut,Nuts,Veg,400,4.0,63.0,25.0,"Sweet",Heating,"Heavy, Oily","V- P0 K+"
ING429,Kishmish (Golden Raisin),Fruit,Veg,299,3.1,79.0,0.5,"Sweet",Cooling,"Heavy, Oily","V- P- K+"
ING430,Munakka (Black Raisin),Fruit,Veg,295,3.0,78.0,0.4,"Sweet",Cooling,"Heavy, Oily","V- P- K+"
ING431,Dried Apricot,Fruit,Veg,241,3.4,63.0,0.5,"Sweet, Sour",Heating,"Heavy, Moist","V- P0 K0"
ING432,Dried Plum (Prune),Fruit,Veg,240,2.2,64.0,0.4,"Sweet, Sour",Heating,"Heavy, Moist","V- P0 K+"
ING433,Dried Fig,Fruit,Veg,249,3.3,64.0,0.9,"Sweet",Cooling,"Heavy, Oily","V- P- K+"
ING434,Dried Cranberry,Fruit,Veg,308,0.1,82.0,1.4,"Sour, Sweet",Heating,"Light, Dry","V- P+ K0"
ING435,Dried Blueberry,Fruit,Veg,340,2.0,85.0,1.0,"Sweet, Sour",Cooling,"Light, Moist","V- P- K0"
ING436,Dried Cherry,Fruit,Veg,325,3.0,80.0,1.0,"Sweet, Sour",Heating,"Light, Moist","V- P0 K0"
ING437,Dried Mango,Fruit,Veg,320,2.0,80.0,1.0,"Sweet, Sour",Heating,"Heavy, Moist","V- P+ K+"
ING438,Dried Pineapple,Fruit,Veg,300,2.0,75.0,1.0,"Sweet, Sour",Heating,"Heavy, Oily","V- P+ K0"
ING439,Dried Papaya,Fruit,Veg,310,2.0,78.0,1.0,"Sweet",Heating,"Heavy, Moist","V- P- K0"
ING440,Dried Kiwi,Fruit,Veg,290,2.0,72.0,1.0,"Sour, Sweet",Cooling,"Light, Moist","V+ P- K0"
ING441,Crystallized Ginger,Spice,Veg,340,0.5,85.0,0.5,"Pungent, Sweet",Heating,"Light, Oily","V- P+ K-"
ING442,Quince,Fruit,Veg,57,0.4,15.3,0.1,"Astringent, Sour, Sweet",Cooling,"Heavy, Dry","V+ P- K+"
ING443,Loquat,Fruit,Veg,47,0.4,12.1,0.2,"Sweet, Sour",Cooling,"Light, Moist","V- P- K0"
ING444,Soursop,Fruit,Veg,66,1.0,16.8,0.3,"Sour, Sweet",Cooling,"Heavy, Moist","V- P- K-"
ING445,Longan,Fruit,Veg,60,1.3,15.1,0.1,"Sweet",Heating,"Heavy, Moist","V- P0 K+"
ING446,Carob Powder,Flour,Veg,222,4.6,89.0,0.7,"Sweet",Heating,"Heavy, Dry","V- P0 K+"
ING447,Lucuma Powder,Flour,Veg,329,4.0,87.0,2.4,"Sweet",Neutral,"Heavy, Dry","V- P0 K0"
ING448,Maca Powder,Flour,Veg,325,14.0,75.0,4.0,"Sweet, Pungent",Heating,"Light, Dry","V- P+ K0"
ING449,Spirulina,Algae,Veg,290,57.0,24.0,8.0,"Salty, Sweet",Heating,"Light, Oily","V- P0 K-"
ING450,Chlorella,Algae,Veg,410,58.0,23.0,13.0,"Salty, Sweet",Heating,"Heavy, Oily","V- P0 K-"
ING451,Nutritional Yeast,Condiment,Veg,388,52.0,38.0,4.0,"Salty, Pungent",Heating,"Light, Dry","V- P+ K-"
ING452,Gelatin,Condiment,Non-Veg,335,86.0,0.0,0.1,"Sweet",Cooling,"Heavy, Moist","V- P- K+"
ING453,Agar Agar,Algae,Veg,26,0.5,7.0,0.0,"Neutral",Cooling,"Light, Dry","V- P- K-"
ING44,Xanthan Gum,Condiment,Veg,300,6.0,78.0,0.0,"Neutral",Cooling,"Heavy, Moist","V+ P0 K+"
ING455,Guar Gum,Condiment,Veg,335,5.0,80.0,0.5,"Neutral",Cooling,"Heavy, Moist","V+ P0 K+"
ING456,Baking Soda,Leavening,Veg,0,0.0,0.0,0.0,"Salty, Pungent",Heating,"Light, Dry","V- P+ K-"
ING457,Baking Powder,Leavening,Veg,53,0.0,28.0,0.0,"Salty, Sour",Heating,"Light, Dry","V- P+ K-"
ING458,Cream of Tartar,Leavening,Veg,258,0.0,61.5,0.0,"Sour",Heating,"Light, Dry","V- P+ K0"
ING459,Yeast (Active Dry),Leavening,Veg,325,40.0,41.0,8.0,"Sour",Heating,"Light, Dry","V- P+ K+"
ING460,Yeast (Instant),Leavening,Veg,325,40.0,41.0,8.0,"Sour",Heating,"Light, Dry","V- P+ K+"
ING461,Yeast (Fresh),Leavening,Veg,105,8.0,14.0,1.0,"Sour",Heating,"Light, Dry","V- P+ K+"
ING462,Liquid Smoke,Flavoring,Veg,0,0.0,0.0,0.0,"Pungent",Heating,"Light, Dry","V- P+ K-"
ING463,Vanilla Extract,Flavoring,Veg,288,0.1,12.7,0.1,"Sweet, Bitter",Cooling,"Light, Dry","V- P- K0"
ING464,Almond Extract,Flavoring,Veg,275,0.0,10.0,0.0,"Sweet, Bitter",Heating,"Light, Dry","V- P0 K0"
ING465,Peppermint Extract,Flavoring,Veg,290,0.0,15.0,0.0,"Pungent",Cooling,"Light, Dry","V- P- K-"
ING466,Lemon Extract,Flavoring,Veg,280,0.0,12.0,0.0,"Sour",Heating,"Light, Dry","V- P+ K0"
ING467,Orange Extract,Flavoring,Veg,285,0.0,13.0,0.0,"Sweet, Sour",Heating,"Light, Dry","V- P+ K0"
ING468,Rose Essence,Flavoring,Veg,0,0.0,0.0,0.0,"Sweet, Bitter, Astringent",Cooling,"Light, Moist","V- P- K-"
ING469,Kewra Essence,Flavoring,Veg,0,0.0,0.0,0.0,"Sweet, Pungent",Cooling,"Light, Moist","V- P- K0"
ING470,Vetiver (Khus) Essence,Flavoring,Veg,0,0.0,0.0,0.0,"Bitter, Sweet",Cooling,"Light, Dry","V- P- K-"
ING471,Sandalwood Essence,Flavoring,Veg,0,0.0,0.0,0.0,"Bitter, Sweet",Cooling,"Light, Dry","V- P- K-"
ING472,Silver Leaf (Vark),Garnish,Veg,0,0.0,0.0,0.0,"Astringent",Cooling,"Light, Dry","V- P- K-"
ING473,Gold Leaf (Vark),Garnish,Veg,0,0.0,0.0,0.0,"Sweet",Cooling,"Heavy, Oily","V- P- K-"
ING474,Betel Nut (Areca),Nuts,Veg,330,5.0,70.0,4.0,"Astringent, Pungent",Heating,"Light, Dry","V+ P0 K-"
ING475,Edible Camphor,Flavoring,Veg,0,0.0,0.0,0.0,"Pungent, Bitter",Cooling,"Light, Dry","V- P- K-"
ING476,Rock Sugar (Mishri),Sweetener,Veg,387,0.0,100.0,0.0,"Sweet",Cooling,"Heavy, Moist","V- P- K+"
ING477,Palm Jaggery,Sweetener,Veg,360,0.5,90.0,0.1,"Sweet",Cooling,"Heavy, Moist","V- P- K0"
ING478,Date Palm Jaggery (Khajur Gur),Sweetener,Veg,350,0.5,88.0,0.1,"Sweet",Heating,"Heavy, Moist","V- P+ K0"
ING479,Sugarcane Juice,Beverage,Veg,73,0.2,20.0,0.1,"Sweet",Cooling,"Heavy, Moist","V- P- K+"
ING480,Coconut Water,Beverage,Veg,19,0.7,3.7,0.2,"Sweet",Cooling,"Light, Moist","V- P- K-"
ING481,Tender Coconut Flesh,Fruit,Veg,100,1.0,10.0,6.0,"Sweet",Cooling,"Heavy, Oily","V- P- K+"
ING482,Palmyra Fruit (Nungu),Fruit,Veg,27,0.5,6.0,0.1,"Sweet",Cooling,"Heavy, Moist","V- P- K-"
ING483,Ice Apple,Fruit,Veg,27,0.5,6.0,0.1,"Sweet",Cooling,"Heavy, Moist","V- P- K-"
ING484,Tamarind Leaves,Herb,Veg,40,2.0,8.0,0.5,"Sour",Heating,"Light, Dry","V- P+ K0"
ING485,Pumpkin Flowers,Vegetable,Veg,5,0.5,1.0,0.1,"Sweet, Astringent",Cooling,"Light, Dry","V- P- K-"
ING486,Banana Flower,Vegetable,Veg,27,1.6,5.7,0.3,"Astringent, Bitter",Cooling,"Light, Dry","V+ P- K-"
ING487,Drumstick Leaves,Herb,Veg,64,9.4,8.3,1.4,"Pungent, Bitter",Heating,"Light, Dry","V- P0 K-"
ING488,Agathi Leaves (Sesbania),Herb,Veg,90,8.4,12.0,1.4,"Bitter",Cooling,"Light, Dry","V+ P- K-"
ING489,Gongura Leaves (Roselle),Herb,Veg,30,1.7,5.6,0.3,"Sour",Heating,"Light, Dry","V- P+ K-"
ING490,Ponnaganti Kura (Sessile Joyweed),Herb,Veg,35,4.0,6.0,0.5,"Astringent",Cooling,"Light, Dry","V+ P- K-"
ING491,Siru Keerai (Tropical Amaranth),Herb,Veg,25,2.8,4.5,0.4,"Astringent",Cooling,"Light, Dry","V+ P- K-"
ING492,Malabar Spinach,Herb,Veg,19,1.8,3.4,0.3,"Sweet, Astringent",Cooling,"Heavy, Moist","V- P- K+"
ING493,Turkey Berry (Sundakkai),Vegetable,Veg,30,2.0,6.0,0.2,"Bitter, Astringent",Heating,"Light, Dry","V- P0 K-"
ING494,Air Potato (Karanda),Vegetable,Veg,120,1.8,28.0,0.2,"Sweet",Heating,"Heavy, Dry","V- P0 K+"
ING495,Purple Yam (Kand),Vegetable,Veg,140,1.5,33.0,0.2,"Sweet",Heating,"Heavy, Moist","V- P0 K+"
ING496,Elephant Foot Yam,Vegetable,Veg,118,1.5,27.9,0.2,"Pungent, Astringent",Heating,"Light, Dry","V0 P0 K-"
ING497,Winged Beans,Legume,Veg,409,29.7,38.0,16.0,"Sweet",Heating,"Heavy, Dry","V0 P0 K+"
ING498,Sword Beans,Legume,Veg,350,25.0,60.0,2.0,"Sweet",Cooling,"Heavy, Dry","V+ P- K+"
ING499,Velvet Beans,Legume,Veg,360,28.0,55.0,5.0,"Sweet",Heating,"Heavy, Oily","V- P+ K+"
ING500,Sarsaparilla (Nannari),Herb,Veg,250,2.0,60.0,1.0,"Sweet, Bitter",Cooling,"Light, Dry","V- P- K-"
ING501,Sona Masuri Rice,Grain,Veg,135,2.8,30.0,0.3,"Sweet",Cooling,"Heavy, Soft","V- P- K+"
ING502,Kolam Rice,Grain,Veg,132,2.5,29.0,0.3,"Sweet",Cooling,"Light, Soft","V- P- K0"
ING503,Red Rice,Grain,Veg,111,2.6,23.0,0.9,"Sweet, Astringent",Heating,"Heavy, Dry","V+ P+ K0"
ING504,Black Rice,Grain,Veg,160,4.0,34.0,1.5,"Sweet, Astringent",Cooling,"Heavy, Dry","V- P- K0"
ING505,Idli Rice,Grain,Veg,140,2.5,31.0,0.4,"Sweet",Cooling,"Heavy, Soft","V- P- K+"
ING506,Arborio Rice,Grain,Veg,354,8.0,79.0,0.5,"Sweet",Cooling,"Heavy, Sticky","V- P- K+"
ING507,Jasmine Rice,Grain,Veg,130,2.7,28.0,0.3,"Sweet",Cooling,"Light, Soft","V- P- K0"
ING508,Sushi Rice,Grain,Veg,130,2.4,28.7,0.2,"Sweet",Cooling,"Heavy, Sticky","V- P- K+"
ING509,Wild Rice,Grain,Veg,101,4.0,21.0,0.3,"Sweet, Astringent",Cooling,"Light, Dry","V+ P- K-"
ING510,Spelt Flour,Flour,Veg,338,14.6,70.2,2.5,"Sweet",Heating,"Heavy, Oily","V- P+ K+"
ING511,Rye Flour,Flour,Veg,325,10.0,75.0,1.5,"Pungent, Astringent",Heating,"Light, Dry","V+ P0 K-"
ING512,Almond Flour,Flour,Veg,579,21.0,22.0,49.0,"Sweet",Heating,"Heavy, Oily","V- P0 K+"
ING513,Coconut Flour,Flour,Veg,443,18.0,60.0,14.0,"Sweet",Cooling,"Heavy, Dry","V- P- K+"
ING514,Tapioca Flour,Flour,Veg,358,0.2,88.7,0.0,"Sweet",Cooling,"Heavy, Sticky","V- P- K+"
ING515,Oat Flour,Flour,Veg,404,14.7,67.7,8.2,"Sweet",Heating,"Heavy, Moist","V- P0 K+"
ING516,Bread Flour,Flour,Veg,361,13.0,73.0,1.0,"Sweet",Heating,"Heavy, Dry","V+ P+ K+"
ING517,Cake Flour,Flour,Veg,360,8.0,79.0,1.0,"Sweet",Heating,"Light, Dry","V0 P0 K+"
ING518,Pastry Flour,Flour,Veg,358,9.0,78.0,1.0,"Sweet",Heating,"Light, Dry","V0 P0 K+"
ING519,Pinto Beans,Legume,Veg,347,21.0,63.0,1.2,"Sweet, Astringent",Heating,"Heavy, Dry","V+ P0 K+"
ING520,Black Beans,Legume,Veg,341,21.6,62.4,1.4,"Sweet, Astringent",Cooling,"Heavy, Dry","V+ P- K0"
ING521,Navy Beans,Legume,Veg,337,22.0,61.0,1.5,"Sweet",Cooling,"Light, Dry","V+ P- K0"
ING522,Lima Beans,Legume,Veg,115,7.8,21.0,0.4,"Sweet",Cooling,"Heavy, Moist","V+ P- K+"
ING523,Adzuki Beans,Legume,Veg,329,19.9,62.9,0.5,"Sweet",Neutral,"Light, Dry","V0 P0 K0"
ING524,Edamame,Legume,Veg,122,11.0,10.0,5.0,"Sweet",Cooling,"Heavy, Moist","V- P- K0"
ING525,Lentils (Brown),Legume,Veg,352,24.6,63.0,1.1,"Sweet, Astringent",Heating,"Light, Dry","V+ P0 K0"
ING526,Lentils (Green),Legume,Veg,352,24.6,63.0,1.1,"Sweet, Astringent",Cooling,"Light, Dry","V+ P- K0"
ING527,Lentils (Black/Beluga),Legume,Veg,341,26.0,60.0,1.0,"Sweet, Astringent",Cooling,"Heavy, Dry","V+ P- K0"
ING528,Baby Corn,Vegetable,Veg,26,2.0,6.0,0.5,"Sweet",Cooling,"Light, Dry","V+ P- K0"
ING529,Cherry Tomato,Vegetable,Veg,18,0.9,3.9,0.2,"Sour, Sweet",Heating,"Light, Oily","V- P+ K+"
ING530,Bean Sprouts,Vegetable,Veg,30,3.0,6.0,0.2,"Sweet, Astringent",Cooling,"Light, Dry","V+ P- K-"
ING531,Jalapeno,Vegetable,Veg,29,0.9,6.5,0.4,"Pungent",Heating,"Sharp, Light","V+ P+ K-"
ING532,Habanero Chili,Vegetable,Veg,40,1.9,8.8,0.4,"Pungent",Heating,"Very Sharp, Light","V+ P+ K-"
ING533,Capsicum (Red),Vegetable,Veg,31,1.0,6.0,0.3,"Sweet, Pungent",Heating,"Light, Dry","V+ P+ K0"
ING534,Capsicum (Yellow),Vegetable,Veg,27,1.0,6.3,0.2,"Sweet",Heating,"Light, Dry","V+ P0 K0"
ING535,Romaine Lettuce,Vegetable,Veg,17,1.2,3.3,0.3,"Bitter, Sweet",Cooling,"Light, Moist","V+ P- K-"
ING536,Iceberg Lettuce,Vegetable,Veg,14,0.9,3.0,0.1,"Sweet",Cooling,"Heavy, Moist","V+ P- K+"
ING537,Arugula,Vegetable,Veg,25,2.6,3.7,0.7,"Pungent, Bitter",Heating,"Light, Dry","V+ P+ K-"
ING538,Grapefruit,Fruit,Veg,42,0.8,11.0,0.1,"Sour, Bitter, Sweet",Heating,"Light, Dry","V0 P+ K-"
ING539,Tangerine,Fruit,Veg,53,0.8,13.3,0.3,"Sweet, Sour",Heating,"Light, Moist","V- P+ K0"
ING540,Nectarine,Fruit,Veg,44,1.1,10.6,0.3,"Sweet, Sour",Heating,"Light, Moist","V- P0 K0"
ING541,Hilsa Fish (Ilish),Fish,Non-Veg,250,22.0,0.0,18.0,"Sweet",Heating,"Heavy, Oily","V- P+ K+"
ING542,Bhetki Fish (Barramundi),Fish,Non-Veg,97,19.0,0.0,2.0,"Sweet",Heating,"Light, Oily","V- P+ K0"
ING543,Katla Fish (Indian Carp),Fish,Non-Veg,105,19.0,0.0,3.0,"Sweet",Heating,"Heavy, Oily","V- P+ K+"
ING544,Pabda Fish (Butter Catfish),Fish,Non-Veg,120,18.0,0.0,5.0,"Sweet",Heating,"Light, Oily","V- P+ K0"
ING545,Tilapia Fish,Fish,Non-Veg,96,20.0,0.0,1.7,"Sweet",Heating,"Light, Oily","V- P0 K0"
ING546,Seer Fish (Surmai),Fish,Non-Veg,134,20.0,0.0,6.0,"Sweet",Heating,"Heavy, Oily","V- P+ K+"
ING547,Lady Fish (Kane),Fish,Non-Veg,100,18.0,0.0,3.0,"Sweet",Heating,"Light, Oily","V- P0 K0"
ING548,Pearl Spot Fish (Karimeen),Fish,Non-Veg,95,17.0,0.0,3.0,"Sweet",Heating,"Light, Oily","V- P0 K0"
ING549,Trotters (Paya),Meat,Non-Veg,250,20.0,0.0,18.0,"Sweet",Heating,"Heavy, Sticky","V- P+ K+"
ING550,Brain (Bheja),Meat,Non-Veg,143,12.0,0.0,10.0,"Sweet",Heating,"Heavy, Oily","V- P+ K+"
ING551,Liver (Kaleji),Meat,Non-Veg,135,20.0,4.0,3.6,"Sweet, Bitter",Heating,"Light, Dry","V- P+ K-"
ING552,Kidney (Gurda),Meat,Non-Veg,99,17.0,1.0,3.0,"Sweet",Heating,"Light, Dry","V- P0 K0"
ING553,Tripe (Boti),Meat,Non-Veg,85,12.0,0.0,4.0,"Sweet, Astringent",Heating,"Heavy, Dry","V+ P+ K+"
ING554,Salami,Meat,Non-Veg,330,12.0,1.5,30.0,"Salty, Pungent",Heating,"Heavy, Oily","V- P+ K+"
ING555,Sausage,Meat,Non-Veg,300,12.0,2.0,27.0,"Salty, Pungent",Heating,"Heavy, Oily","V- P+ K+"
ING556,Bacon,Meat,Non-Veg,541,37.0,1.4,42.0,"Salty, Sweet",Heating,"Heavy, Oily","V- P+ K+"
ING557,Ham,Meat,Non-Veg,145,21.0,1.5,6.0,"Salty, Sweet",Heating,"Heavy, Oily","V- P+ K+"
ING558,Prosciutto,Meat,Non-Veg,250,25.0,0.0,16.0,"Salty, Sweet",Heating,"Heavy, Dry","V- P+ K+"
ING559,Pepperoni,Meat,Non-Veg,500,22.0,2.0,45.0,"Salty, Pungent",Heating,"Heavy, Oily","V- P+ K+"
ING560,Chorizo,Meat,Non-Veg,455,24.0,1.9,38.0,"Pungent, Salty",Heating,"Heavy, Oily","V- P+ K+"
ING561,Soy Sauce,Condiment,Veg,53,8.0,5.0,0.1,"Salty",Heating,"Heavy, Oily","V- P+ K+"
ING562,Schezwan Sauce,Condiment,Veg,150,2.0,15.0,9.0,"Pungent, Salty, Sour",Heating,"Sharp, Oily","V+ P+ K+"
ING563,Hakka Noodles,Noodles,Veg,138,4.5,25.0,2.1,"Sweet",Heating,"Heavy, Dry","V+ P0 K+"
ING564,Rice Noodles,Noodles,Veg,109,2.0,24.0,0.2,"Sweet",Cooling,"Light, Dry","V+ P- K0"
ING565,Udon Noodles,Noodles,Veg,130,4.0,27.0,0.2,"Sweet",Cooling,"Heavy, Moist","V- P- K+"
ING566,Soba Noodles,Noodles,Veg,99,5.0,21.0,0.1,"Sweet, Astringent",Cooling,"Light, Dry","V+ P- K-"
ING567,Ramen Noodles,Noodles,Veg,138,4.5,25.0,2.1,"Salty, Sweet",Heating,"Heavy, Oily","V+ P0 K+"
ING568,Momo Wrappers,Dough,Veg,290,10.0,60.0,1.0,"Sweet",Heating,"Heavy, Dry","V+ P+ K+"
ING569,Wonton Wrappers,Dough,Veg,290,10.0,60.0,1.0,"Sweet",Heating,"Heavy, Dry","V+ P+ K+"
ING570,Spring Roll Wrappers,Dough,Veg,280,7.0,60.0,1.5,"Sweet",Heating,"Light, Dry","V+ P0 K0"
ING571,Rice Paper,Dough,Veg,340,1.0,84.0,0.2,"Sweet",Cooling,"Light, Dry","V+ P- K-"
ING572,Panko Breadcrumbs,Bread,Veg,380,14.0,75.0,3.0,"Sweet",Heating,"Light, Dry","V+ P0 K0"
ING573,Regular Breadcrumbs,Bread,Veg,393,13.0,73.0,5.0,"Sweet",Heating,"Heavy, Dry","V+ P+ K+"
ING574,Croutons,Bread,Veg,407,14.0,72.0,7.0,"Salty, Pungent",Heating,"Light, Dry","V+ P+ K-"
ING575,Tortilla (Corn),Bread,Veg,218,5.7,45.0,2.8,"Sweet",Heating,"Heavy, Dry","V+ P+ K0"
ING576,Tortilla (Flour),Bread,Veg,300,8.0,50.0,8.0,"Sweet",Heating,"Heavy, Dry","V+ P+ K+"
ING577,Taco Shells,Bread,Veg,480,7.0,60.0,24.0,"Salty, Sweet",Heating,"Light, Dry","V+ P+ K-"
ING578,Pita Bread,Bread,Veg,275,9.0,56.0,1.2,"Sweet",Heating,"Heavy, Dry","V+ P+ K+"
ING579,Naan Bread,Bread,Veg,290,9.0,50.0,6.0,"Sweet",Heating,"Heavy, Oily","V- P0 K+"
ING580,Kulcha Bread,Bread,Veg,280,8.0,52.0,4.0,"Sweet",Heating,"Heavy, Oily","V- P0 K+"
ING581,Spaghetti,Pasta,Veg,158,5.8,31.0,0.9,"Sweet",Heating,"Heavy, Dry","V+ P+ K+"
ING582,Penne,Pasta,Veg,158,5.8,31.0,0.9,"Sweet",Heating,"Heavy, Dry","V+ P+ K+"
ING583,Fusilli,Pasta,Veg,158,5.8,31.0,0.9,"Sweet",Heating,"Heavy, Dry","V+ P+ K+"
ING584,Macaroni,Pasta,Veg,158,5.8,31.0,0.9,"Sweet",Heating,"Heavy, Dry","V+ P+ K+"
ING585,Lasagna Sheets,Pasta,Veg,158,5.8,31.0,0.9,"Sweet",Heating,"Heavy, Dry","V+ P+ K+"
ING586,Fettuccine,Pasta,Veg,158,5.8,31.0,0.9,"Sweet",Heating,"Heavy, Dry","V+ P+ K+"
ING587,Gnocchi,Pasta,Veg,143,3.8,32.0,0.4,"Sweet",Heating,"Heavy, Moist","V- P0 K+"
ING588,Ravioli (Cheese),Pasta,Veg,210,10.0,25.0,7.0,"Sweet, Salty",Heating,"Heavy, Oily","V- P0 K+"
ING589,Tortellini (Cheese),Pasta,Veg,210,10.0,25.0,7.0,"Sweet, Salty",Heating,"Heavy, Oily","V- P0 K+"
ING590,Couscous,Grain,Veg,112,3.8,23.2,0.2,"Sweet",Neutral,"Light, Dry","V+ P0 K0"
ING591,Bulgur Wheat,Grain,Veg,83,3.1,18.6,0.2,"Sweet",Heating,"Heavy, Dry","V+ P0 K+"
ING592,Freekeh,Grain,Veg,120,8.0,21.0,1.5,"Sweet, Pungent",Heating,"Light, Dry","V0 P0 K-"
ING593,Polenta,Grain,Veg,85,2.1,18.0,0.5,"Sweet",Heating,"Heavy, Dry","V+ P+ K0"
ING594,Grits,Grain,Veg,72,1.8,15.0,0.4,"Sweet",Heating,"Heavy, Dry","V+ P+ K0"
ING595,Mozzarella Cheese,Cheese,Veg,280,28.0,3.1,17.0,"Sweet, Salty",Cooling,"Heavy, Oily","V- P- K+"
ING596,Cheddar Cheese,Cheese,Veg,404,25.0,1.3,33.0,"Salty, Sour",Heating,"Heavy, Oily","V- P+ K+"
ING597,Parmesan Cheese,Cheese,Veg,431,38.0,4.1,29.0,"Salty, Pungent",Heating,"Heavy, Dry","V- P+ K+"
ING598,Feta Cheese,Cheese,Veg,264,14.0,4.1,21.0,"Salty, Sour",Heating,"Heavy, Moist","V- P+ K+"
ING599,Ricotta Cheese,Cheese,Veg,174,11.0,3.0,13.0,"Sweet",Cooling,"Heavy, Moist","V- P- K+"
ING600,Cream Cheese,Cheese,Veg,342,6.0,4.0,34.0,"Sweet, Sour",Cooling,"Heavy, Oily","V- P- K+"
ING601,Blue Cheese,Cheese,Veg,353,21.0,2.3,29.0,"Salty, Pungent",Heating,"Heavy, Oily","V- P+ K+"
ING602,Goat Cheese,Cheese,Veg,364,22.0,0.1,30.0,"Sour, Salty",Heating,"Light, Dry","V0 P+ K0"
ING603,Brie Cheese,Cheese,Veg,334,21.0,0.5,28.0,"Sweet, Salty",Cooling,"Heavy, Oily","V- P- K+"
ING604,Camembert Cheese,Cheese,Veg,300,20.0,0.5,24.0,"Sweet, Salty",Cooling,"Heavy, Oily","V- P- K+"
ING605,Gouda Cheese,Cheese,Veg,356,25.0,2.2,27.0,"Sweet, Salty",Heating,"Heavy, Oily","V- P+ K+"
ING606,Swiss Cheese,Cheese,Veg,380,27.0,5.4,28.0,"Sweet, Salty",Heating,"Heavy, Oily","V- P0 K+"
ING607,Provolone Cheese,Cheese,Veg,351,26.0,2.1,27.0,"Salty",Heating,"Heavy, Oily","V- P+ K+"
ING608,Mascarpone Cheese,Cheese,Veg,455,5.0,5.0,48.0,"Sweet",Cooling,"Heavy, Oily","V- P- K+"
ING609,Halloumi Cheese,Cheese,Veg,321,22.0,1.8,26.0,"Salty",Heating,"Heavy, Oily","V- P+ K+"
ING610,Manchego Cheese,Cheese,Veg,420,26.0,0.0,35.0,"Salty, Pungent",Heating,"Heavy, Dry","V- P+ K+"
ING611,Tomato Ketchup,Sauce,Veg,112,1.2,25.0,0.1,"Sweet, Sour, Salty",Heating,"Heavy, Moist","V- P+ K+"
ING612,Mayonnaise,Sauce,Veg,720,1.0,1.0,79.0,"Sour, Sweet, Salty",Cooling,"Heavy, Oily","V- P- K+"
ING613,Mustard Sauce,Sauce,Veg,143,8.0,8.0,9.0,"Pungent, Sour",Heating,"Light, Oily","V0 P+ K-"
ING614,Barbecue Sauce,Sauce,Veg,130,1.0,32.0,0.2,"Sweet, Sour, Pungent",Heating,"Heavy, Moist","V- P+ K+"
ING615,Pesto Sauce,Sauce,Veg,450,5.0,5.0,45.0,"Pungent, Salty, Sweet",Heating,"Heavy, Oily","V- P+ K+"
ING616,Alfredo Sauce,Sauce,Veg,200,6.0,5.0,18.0,"Salty, Sweet",Cooling,"Heavy, Oily","V- P- K+"
ING617,Marinara Sauce,Sauce,Veg,40,1.5,7.0,1.0,"Sour, Sweet, Salty",Heating,"Light, Moist","V- P+ K0"
ING618,Salsa,Sauce,Veg,36,1.5,7.5,0.2,"Pungent, Sour, Salty",Heating,"Light, Moist","V+ P+ K-"
ING619,Guacamole,Sauce,Veg,150,2.0,8.0,14.0,"Sweet, Pungent, Sour",Cooling,"Heavy, Oily","V- P- K+"
ING620,Hummus,Sauce,Veg,166,7.9,14.3,9.6,"Sweet, Astringent, Sour",Cooling,"Heavy, Oily","V- P- K+"
ING621,Tahini,Sauce,Veg,595,17.0,21.0,54.0,"Bitter, Sweet",Heating,"Heavy, Oily","V- P+ K+"
ING622,Peanut Butter,Sauce,Veg,588,25.0,20.0,50.0,"Sweet",Heating,"Heavy, Oily","V- P+ K+"
ING623,Almond Butter,Sauce,Veg,614,21.0,20.0,56.0,"Sweet",Heating,"Heavy, Oily","V- P0 K+"
ING624,Cashew Butter,Sauce,Veg,580,18.0,30.0,46.0,"Sweet",Heating,"Heavy, Oily","V- P0 K+"
ING625,Chocolate (Dark),Sweet,Veg,546,4.9,61.0,31.0,"Bitter, Sweet",Heating,"Heavy, Oily","V- P+ K+"
ING626,Chocolate (Milk),Sweet,Veg,535,8.0,59.0,30.0,"Sweet",Cooling,"Heavy, Oily","V- P- K+"
ING627,Chocolate (White),Sweet,Veg,539,6.0,59.0,32.0,"Sweet",Cooling,"Heavy, Oily","V- P- K+"
ING628,Chocolate Chips,Sweet,Veg,510,5.0,69.0,28.0,"Sweet",Heating,"Heavy, Oily","V- P+ K+"
ING629,Marshmallows,Sweet,Veg,318,1.8,79.0,0.2,"Sweet",Cooling,"Light, Sticky","V+ P0 K+"
ING630,Jelly/Jam,Sweet,Veg,260,0.4,68.0,0.1,"Sweet, Sour",Cooling,"Heavy, Moist","V- P- K+"
ING631,Marmalade,Sweet,Veg,250,0.3,65.0,0.1,"Bitter, Sweet, Sour",Heating,"Light, Moist","V0 P+ K0"
ING632,Icing Sugar,Sweetener,Veg,389,0.0,100.0,0.0,"Sweet",Cooling,"Heavy, Fine","V- P- K+"
ING633,Corn Syrup,Sweetener,Veg,286,0.0,78.0,0.0,"Sweet",Cooling,"Heavy, Sticky","V- P- K+"
ING634,Golden Syrup,Sweetener,Veg,290,0.0,80.0,0.0,"Sweet",Heating,"Heavy, Moist","V- P0 K+"
ING635,Molasses,Sweetener,Veg,290,0.0,75.0,0.1,"Sweet, Bitter",Heating,"Heavy, Moist","V- P+ K-"
ING636,Chaat Masala,Spice,Veg,300,10.0,50.0,8.0,"Sour, Salty, Pungent",Heating,"Light, Dry","V- P+ K-"
ING637,Garam Masala,Spice,Veg,400,12.0,55.0,18.0,"Pungent, Sweet",Heating,"Light, Dry","V- P+ K-"
ING638,Sambar Masala,Spice,Veg,350,15.0,60.0,10.0,"Pungent, Sour, Astringent",Heating,"Light, Dry","V- P+ K-"
ING639,Rasam Powder,Spice,Veg,340,14.0,58.0,9.0,"Pungent, Sour",Heating,"Light, Dry","V- P+ K-"
ING640,Pav Bhaji Masala,Spice,Veg,360,13.0,55.0,12.0,"Pungent, Salty",Heating,"Light, Dry","V- P+ K-"
ING641,Chole Masala,Spice,Veg,370,14.0,58.0,13.0,"Pungent, Sour",Heating,"Light, Dry","V- P+ K-"
ING642,Biryani Masala,Spice,Veg,380,12.0,55.0,15.0,"Pungent, Sweet, Salty",Heating,"Oily, Dry","V- P+ K-"
ING643,Tandoori Masala,Spice,Veg,350,13.0,50.0,11.0,"Pungent, Salty, Sour",Heating,"Light, Dry","V- P+ K-"
ING644,Kitchen King Masala,Spice,Veg,360,13.0,55.0,12.0,"Pungent, Sweet",Heating,"Light, Dry","V- P+ K-"
ING645,Pani Puri Masala,Spice,Veg,280,8.0,50.0,5.0,"Sour, Pungent, Salty",Cooling,"Light, Dry","V- P+ K-"
ING646,Jaljeera Powder,Spice,Veg,250,7.0,45.0,4.0,"Sour, Salty, Pungent",Cooling,"Light, Dry","V- P+ K-"
ING647,Chai Masala,Spice,Veg,320,8.0,60.0,6.0,"Pungent, Sweet",Heating,"Light, Dry","V- P0 K-"
ING648,Goda Masala,Spice,Veg,390,10.0,50.0,18.0,"Pungent, Sweet, Astringent",Heating,"Dry, Oily","V0 P0 K-"
ING649,Khandeshi Masala,Spice,Veg,400,12.0,45.0,20.0,"Pungent",Heating,"Oily, Dry","V+ P+ K-"
ING650,Malvani Masala,Spice,Veg,390,11.0,48.0,19.0,"Pungent, Salty",Heating,"Oily, Dry","V0 P+ K-"
ING651,Chettinad Masala,Spice,Veg,410,12.0,45.0,22.0,"Pungent",Heating,"Oily, Dry","V0 P+ K-"
ING652,Korma Masala,Spice,Veg,420,10.0,40.0,25.0,"Sweet, Pungent",Heating,"Oily, Heavy","V- P0 K+"
ING653,Vindaloo Paste,Spice,Veg,200,5.0,15.0,14.0,"Pungent, Sour",Heating,"Oily, Sharp","V+ P+ K-"
ING654,Thai Green Curry Paste,Spice,Veg,120,4.0,10.0,7.0,"Pungent, Salty, Sour",Heating,"Moist, Sharp","V- P+ K+"
ING655,Thai Red Curry Paste,Spice,Veg,110,3.0,9.0,6.0,"Pungent, Salty",Heating,"Oily, Sharp","V+ P+ K+"
ING656,Thai Yellow Curry Paste,Spice,Veg,130,4.0,12.0,8.0,"Pungent, Sweet, Salty",Heating,"Oily, Moist","V- P+ K0"
ING657,Lemongrass,Herb,Veg,99,1.8,25.0,0.5,"Sour, Pungent",Heating,"Light, Dry","V- P+ K-"
ING658,Galangal,Spice,Veg,71,1.2,15.0,0.8,"Pungent",Heating,"Light, Dry","V- P0 K-"
ING659,Kaffir Lime Leaves,Herb,Veg,60,2.0,15.0,1.0,"Sour, Pungent",Heating,"Light, Dry","V- P+ K-"
ING660,Fish Sauce,Condiment,Non-Veg,35,8.0,0.5,0.0,"Salty",Heating,"Light, Moist","V- P+ K+"
ING661,Oyster Sauce,Condiment,Non-Veg,50,1.5,12.0,0.2,"Salty, Sweet",Heating,"Heavy, Sticky","V- P+ K+"
ING662,Hoisin Sauce,Condiment,Veg,220,2.0,50.0,1.5,"Sweet, Salty",Heating,"Heavy, Sticky","V- P+ K+"
ING663,Plum Sauce,Condiment,Veg,180,0.5,45.0,0.2,"Sweet, Sour",Cooling,"Heavy, Moist","V- P- K+"
ING664,Sweet Chili Sauce,Condiment,Veg,200,0.5,50.0,0.2,"Sweet, Pungent",Heating,"Heavy, Moist","V- P+ K+"
ING665,Sriracha Sauce,Condiment,Veg,80,2.0,16.0,1.0,"Pungent, Sour, Salty",Heating,"Sharp, Moist","V+ P+ K+"
ING666,Rice Vinegar,Vinegar,Veg,18,0.0,0.9,0.0,"Sour",Heating,"Light, Dry","V- P+ K0"
ING667,Apple Cider Vinegar,Vinegar,Veg,21,0.0,0.9,0.0,"Sour",Heating,"Light, Dry","V- P+ K0"
ING668,Balsamic Vinegar,Vinegar,Veg,88,0.5,17.0,0.0,"Sour, Sweet",Heating,"Heavy, Moist","V- P+ K0"
ING669,White Wine Vinegar,Vinegar,Veg,19,0.0,0.1,0.0,"Sour",Heating,"Light, Dry","V- P+ K0"
ING670,Red Wine Vinegar,Vinegar,Veg,19,0.0,0.1,0.0,"Sour, Astringent",Heating,"Light, Dry","V- P+ K0"
ING671,Mirin,Condiment,Veg,240,0.1,45.0,0.0,"Sweet",Heating,"Heavy, Moist","V- P0 K+"
ING672,Sake,Beverage,Veg,134,0.5,5.0,0.0,"Pungent, Sweet, Bitter",Heating,"Light, Sharp","V0 P+ K-"
ING673,Gochujang Paste,Condiment,Veg,213,4.0,43.0,3.0,"Pungent, Sweet, Salty",Heating,"Heavy, Sticky","V- P+ K+"
ING674,Gochugaru Flakes,Spice,Veg,300,12.0,55.0,10.0,"Pungent",Heating,"Light, Dry","V+ P+ K-"
ING675,Dashi Stock,Stock,Non-Veg,5,1.0,0.2,0.0,"Salty, Sweet",Heating,"Light, Moist","V- P0 K0"
ING676,Kombu (Kelp),Algae,Veg,145,8.0,60.0,0.5,"Salty, Sweet",Cooling,"Light, Dry","V- P- K-"
ING677,Nori (Seaweed),Algae,Veg,35,5.8,5.1,0.3,"Salty, Sweet",Cooling,"Light, Dry","V- P- K-"
ING678,Wakame (Seaweed),Algae,Veg,45,3.0,9.0,0.6,"Salty, Sweet",Cooling,"Light, Moist","V- P- K-"
ING679,Katsuobushi (Bonito Flakes),Fish,Non-Veg,350,77.0,0.5,3.0,"Salty, Sweet",Heating,"Light, Dry","V- P+ K-"
ING680,Cottage Cheese (Low Fat),Dairy,Veg,72,12.0,2.7,1.0,"Sweet",Cooling,"Light, Dry","V- P- K0"
ING681,Greek Yogurt,Dairy,Veg,59,10.0,3.6,0.4,"Sour",Cooling,"Heavy, Dry","V- P- K0"
ING682,Sour Cream,Dairy,Veg,198,2.4,4.6,19.0,"Sour",Cooling,"Heavy, Oily","V- P- K+"
ING683,Masala Oats,Grain,Veg,390,12.0,65.0,8.0,"Salty, Pungent",Heating,"Heavy, Moist","V- P+ K0"
ING684,Corn Flakes,Grain,Veg,357,7.5,84.0,0.4,"Sweet",Heating,"Light, Dry","V+ P0 K0"
ING685,Wheat Flakes,Grain,Veg,340,12.0,75.0,2.0,"Sweet",Heating,"Light, Dry","V+ P0 K0"
ING686,Ragi Flakes,Grain,Veg,350,7.0,80.0,1.5,"Sweet, Astringent",Heating,"Light, Dry","V+ P0 K-"
ING687,Jowar Flakes,Grain,Veg,345,10.0,78.0,2.0,"Sweet, Astringent",Cooling,"Light, Dry","V+ P- K-"
ING688,Rice Flakes (Poha - Thick),Grain,Veg,346,6.6,77.3,1.2,"Sweet",Cooling,"Heavy, Dry","V+ P- K+"
ING689,Rice Flakes (Poha - Thin),Grain,Veg,346,6.6,77.3,1.2,"Sweet",Cooling,"Light, Dry","V+ P- K0"
ING690,Soya Flour,Flour,Veg,435,37.0,32.0,20.0,"Sweet, Astringent",Heating,"Heavy, Oily","V- P+ K+"
ING691,Water Chestnut,Vegetable,Veg,97,1.4,23.9,0.1,"Sweet, Astringent",Cooling,"Heavy, Moist","V+ P- K+"
ING692,Potato Starch,Starch,Veg,357,0.1,88.2,0.1,"Sweet",Cooling,"Heavy, Sticky","V- P- K+"
ING693,Corn Starch,Starch,Veg,381,0.3,91.3,0.1,"Sweet",Heating,"Heavy, Sticky","V+ P0 K+"
ING694,Tapioca Pearls,Starch,Veg,358,0.2,88.7,0.0,"Sweet",Cooling,"Heavy, Moist","V- P- K+"
ING695,Vermicelli (Rice),Noodles,Veg,364,7.0,83.0,0.6,"Sweet",Cooling,"Light, Dry","V+ P- K0"
ING696,Vermicelli (Wheat),Noodles,Veg,350,12.0,75.0,1.5,"Sweet",Heating,"Heavy, Dry","V+ P0 K+"
ING697,Egg Noodles,Noodles,Veg,138,4.5,25.0,2.1,"Sweet",Heating,"Heavy, Oily","V+ P0 K+"
ING698,Whole Wheat Pasta,Pasta,Veg,124,5.5,26.5,0.8,"Sweet, Astringent",Heating,"Heavy, Dry","V+ P+ K+"
ING699,Chickpea Pasta,Pasta,Veg,364,22.0,60.0,4.0,"Sweet, Astringent",Cooling,"Light, Dry","V+ P- K-"
ING700,Lentil Pasta,Pasta,Veg,350,25.0,60.0,1.5,"Sweet, Astringent",Heating,"Light, Dry","V+ P0 K0"